34.736,34.642,34.411,34.111,33.839,33.585,33.367,33.282,33.247,33.238,33.245,33.256,33.264,33.277,33.29,33.293,33.302,33.312,33.318,33.331,33.335,33.34,33.349,33.344,33.334,33.322,33.312,33.282,33.253,33.229,33.201,33.193,33.191,33.159,33.105,33.044,33.017,33.023,33.034,33.046,33.058,33.071,33.104,33.11,33.073,33.054,33.051,33.048,33.03,33.001,32.961,32.953,32.937,32.939,32.951,32.942,32.926,32.883,32.811,32.722
27.366,27.443,27.03,26.779,26.717,26.655,26.542,26.586,26.524,26.536,26.544,26.552,26.539,26.543,26.497,26.435,26.441,26.437,26.425,26.442,26.428,26.433,26.44,26.394,26.374,26.356,26.348,26.296,26.286,26.282,26.269,26.296,26.295,26.171,26.097,26.083,26.091,26.096,26.092,26.101,26.097,26.1,26.161,26.071,26.001,26.008,26.045,26.033,25.989,25.958,25.929,25.928,25.925,25.913,25.977,25.784,25.76,25.72,25.689,25.666
27.203,27.275,27.012,26.772,26.707,26.641,26.533,26.506,26.415,26.428,26.436,26.446,26.432,26.437,26.392,26.338,26.347,26.345,26.333,26.351,26.335,26.342,26.348,26.301,26.284,26.267,26.26,26.207,26.2,26.197,26.183,26.209,26.207,26.079,26.012,26.006,26.018,26.025,26.017,26.02,26.013,26.017,26.08,25.98,25.92,25.928,25.964,25.947,25.903,25.874,25.845,25.843,25.838,25.827,25.899,25.697,25.682,25.636,25.606,25.582
26.967,27.034,26.808,26.74,26.682,26.622,26.498,26.466,26.4,26.419,26.428,26.435,26.424,26.429,26.384,26.331,26.341,26.341,26.33,26.348,26.334,26.341,26.346,26.299,26.282,26.266,26.259,26.207,26.199,26.197,26.183,26.209,26.207,26.075,26.007,26.005,26.02,26.025,26.015,26.015,26.015,26.018,26.078,25.98,25.916,25.922,25.956,25.94,25.894,25.867,25.839,25.838,25.831,25.821,25.896,25.697,25.68,25.636,25.603,25.578
26.813,26.868,26.63,26.587,26.558,26.508,26.421,26.392,26.328,26.343,26.351,26.366,26.358,26.366,26.32,26.263,26.272,26.275,26.264,26.283,26.268,26.276,26.279,26.235,26.218,26.201,26.196,26.145,26.138,26.134,26.123,26.148,26.144,26.012,25.937,25.933,25.945,25.948,25.933,25.937,25.929,25.932,25.994,25.899,25.836,25.843,25.878,25.872,25.821,25.788,25.76,25.756,25.753,25.735,25.812,25.598,25.577,25.532,25.51,25.49
26.743,26.793,26.567,26.526,26.501,26.508,26.42,26.386,26.32,26.335,26.345,26.36,26.354,26.363,26.317,26.259,26.267,26.269,26.259,26.279,26.264,26.271,26.275,26.23,26.214,26.197,26.192,26.141,26.134,26.13,26.119,26.146,26.141,26.008,25.933,25.929,25.94,25.941,25.928,25.933,25.922,25.923,25.985,25.89,25.829,25.836,25.87,25.865,25.82,25.785,25.757,25.753,25.75,25.733,25.809,25.596,25.575,25.533,25.512,25.492
26.703,26.769,26.497,26.434,26.402,26.408,26.416,26.383,26.319,26.334,26.343,26.36,26.353,26.363,26.317,26.259,26.268,26.271,26.261,26.279,26.264,26.271,26.274,26.229,26.213,26.196,26.191,26.141,26.133,26.129,26.118,26.144,26.139,26.006,25.931,25.927,25.937,25.939,25.925,25.929,25.919,25.92,25.982,25.887,25.824,25.832,25.866,25.861,25.816,25.778,25.75,25.747,25.743,25.726,25.801,25.59,25.566,25.525,25.502,25.484
26.624,26.606,26.385,26.345,26.328,26.337,26.344,26.385,26.32,26.334,26.344,26.36,26.353,26.362,26.315,26.258,26.267,26.269,26.259,26.277,26.262,26.27,26.273,26.228,26.213,26.195,26.19,26.14,26.133,26.129,26.118,26.144,26.139,26.006,25.932,25.927,25.938,25.939,25.925,25.929,25.919,25.92,25.982,25.887,25.825,25.832,25.866,25.861,25.816,25.778,25.75,25.746,25.743,25.726,25.801,25.59,25.565,25.523,25.501,25.483
26.578,26.567,26.364,26.321,26.301,26.308,26.315,26.358,26.316,26.33,26.339,26.356,26.349,26.359,26.315,26.255,26.264,26.266,26.256,26.275,26.26,26.268,26.272,26.227,26.212,26.194,26.19,26.14,26.132,26.129,26.118,26.144,26.139,26.006,25.932,25.927,25.938,25.939,25.925,25.929,25.919,25.92,25.981,25.887,25.825,25.832,25.866,25.862,25.816,25.779,25.75,25.747,25.743,25.727,25.802,25.59,25.566,25.524,25.501,25.483
26.576,26.566,26.364,26.318,26.302,26.312,26.319,26.361,26.316,26.33,26.339,26.357,26.35,26.36,26.314,26.265,26.274,26.278,26.267,26.286,26.269,26.276,26.281,26.236,26.22,26.203,26.197,26.148,26.141,26.137,26.126,26.151,26.145,26.012,25.938,25.936,25.946,25.947,25.934,25.938,25.927,25.927,25.989,25.894,25.831,25.839,25.873,25.868,25.822,25.785,25.755,25.752,25.75,25.734,25.806,25.595,25.571,25.53,25.507,25.488
26.619,26.609,26.409,26.364,26.348,26.36,26.365,26.403,26.36,26.376,26.385,26.408,26.4,26.408,26.361,26.303,26.316,26.322,26.308,26.327,26.311,26.317,26.322,26.279,26.264,26.246,26.239,26.193,26.187,26.184,26.172,26.201,26.192,26.059,25.985,25.984,25.998,25.999,25.988,25.991,25.984,25.984,26.044,25.947,25.885,25.894,25.935,25.922,25.876,25.837,25.806,25.802,25.802,25.787,25.859,25.649,25.622,25.58,25.558,25.541
26.528,26.517,26.318,26.282,26.273,26.28,26.288,26.319,26.289,26.307,26.311,26.33,26.318,26.326,26.28,26.22,26.226,26.223,26.204,26.222,26.205,26.214,26.214,26.172,26.161,26.15,26.145,26.098,26.092,26.086,26.077,26.103,26.092,25.966,25.893,25.891,25.902,25.9,25.885,25.889,25.879,25.875,25.932,25.844,25.786,25.797,25.834,25.815,25.774,25.739,25.713,25.71,25.711,25.692,25.752,25.546,25.528,25.486,25.461,25.442
26.502,26.492,26.291,26.257,26.248,26.255,26.265,26.296,26.267,26.284,26.288,26.308,26.321,26.328,26.282,26.222,26.229,26.226,26.205,26.224,26.206,26.215,26.215,26.172,26.161,26.15,26.146,26.099,26.093,26.087,26.078,26.104,26.093,25.966,25.893,25.891,25.902,25.9,25.884,25.889,25.879,25.874,25.931,25.843,25.787,25.798,25.834,25.815,25.773,25.738,25.711,25.708,25.708,25.691,25.751,25.539,25.52,25.48,25.455,25.436
26.482,26.472,26.271,26.237,26.228,26.236,26.246,26.272,26.248,26.264,26.27,26.289,26.301,26.322,26.28,26.22,26.226,26.223,26.203,26.22,26.201,26.211,26.211,26.168,26.155,26.143,26.14,26.096,26.089,26.083,26.074,26.1,26.091,25.965,25.892,25.889,25.9,25.897,25.883,25.888,25.878,25.873,25.93,25.839,25.782,25.793,25.831,25.815,25.771,25.733,25.706,25.703,25.703,25.686,25.746,25.534,25.512,25.473,25.449,25.43
26.452,26.441,26.241,26.207,26.198,26.207,26.217,26.243,26.225,26.24,26.246,26.265,26.279,26.299,26.278,26.217,26.223,26.22,26.2,26.217,26.199,26.209,26.208,26.166,26.152,26.142,26.139,26.094,26.087,26.081,26.072,26.098,26.089,25.961,25.888,25.886,25.897,25.895,25.88,25.885,25.875,25.87,25.927,25.836,25.781,25.792,25.831,25.813,25.769,25.731,25.705,25.702,25.701,25.685,25.746,25.532,25.51,25.472,25.448,25.428
26.44,26.428,26.228,26.194,26.185,26.194,26.204,26.229,26.213,26.231,26.237,26.258,26.269,26.29,26.269,26.217,26.222,26.219,26.199,26.217,26.198,26.207,26.208,26.166,26.152,26.142,26.14,26.094,26.087,26.08,26.072,26.096,26.086,25.958,25.884,25.882,25.892,25.891,25.875,25.881,25.87,25.864,25.921,25.831,25.776,25.787,25.826,25.808,25.762,25.722,25.699,25.697,25.697,25.681,25.742,25.528,25.506,25.469,25.447,25.426
26.441,26.429,26.228,26.195,26.186,26.195,26.205,26.229,26.214,26.232,26.24,26.262,26.268,26.289,26.268,26.217,26.222,26.22,26.2,26.218,26.199,26.208,26.208,26.166,26.152,26.142,26.14,26.094,26.086,26.08,26.072,26.096,26.086,25.958,25.884,25.881,25.891,25.889,25.874,25.88,25.869,25.863,25.919,25.83,25.775,25.786,25.824,25.807,25.761,25.721,25.697,25.696,25.696,25.682,25.742,25.528,25.506,25.468,25.447,25.427
26.454,26.445,26.243,26.209,26.201,26.209,26.218,26.243,26.228,26.245,26.252,26.276,26.281,26.303,26.282,26.233,26.24,26.245,26.225,26.242,26.224,26.233,26.232,26.192,26.176,26.164,26.161,26.115,26.108,26.103,26.095,26.121,26.114,25.987,25.911,25.907,25.916,25.914,25.896,25.902,25.891,25.886,25.941,25.852,25.798,25.809,25.846,25.829,25.782,25.742,25.722,25.722,25.723,25.713,25.778,25.566,25.539,25.502,25.479,25.459
26.398,26.39,26.18,26.146,26.137,26.146,26.156,26.181,26.165,26.182,26.191,26.216,26.216,26.237,26.207,26.165,26.175,26.174,26.168,26.182,26.162,26.171,26.171,26.136,26.119,26.116,26.115,26.071,26.062,26.058,26.049,26.075,26.06,25.929,25.853,25.849,25.858,25.858,25.844,25.851,25.837,25.831,25.888,25.797,25.736,25.747,25.784,25.767,25.727,25.691,25.664,25.661,25.66,25.642,25.693,25.478,25.46,25.426,25.403,25.382
26.404,26.395,26.185,26.15,26.141,26.15,26.159,26.184,26.168,26.185,26.194,26.219,26.221,26.244,26.215,26.171,26.18,26.179,26.172,26.19,26.168,26.176,26.176,26.141,26.126,26.123,26.12,26.077,26.069,26.065,26.056,26.081,26.066,25.936,25.86,25.855,25.862,25.862,25.848,25.855,25.842,25.836,25.892,25.802,25.742,25.753,25.79,25.773,25.733,25.697,25.67,25.67,25.667,25.647,25.7,25.482,25.458,25.425,25.402,25.381
26.383,26.376,26.168,26.133,26.123,26.131,26.141,26.166,26.15,26.167,26.176,26.201,26.206,26.23,26.21,26.16,26.168,26.167,26.161,26.178,26.16,26.168,26.169,26.135,26.121,26.118,26.115,26.074,26.066,26.063,26.054,26.077,26.062,25.932,25.855,25.85,25.858,25.859,25.846,25.852,25.838,25.833,25.89,25.799,25.738,25.749,25.787,25.77,25.73,25.694,25.667,25.665,25.661,25.64,25.692,25.474,25.449,25.417,25.396,25.373
26.375,26.368,26.162,26.128,26.117,26.126,26.135,26.16,26.144,26.162,26.17,26.195,26.199,26.222,26.2,26.151,26.158,26.155,26.15,26.168,26.146,26.158,26.156,26.121,26.107,26.105,26.105,26.067,26.06,26.056,26.048,26.072,26.059,25.928,25.851,25.846,25.854,25.856,25.843,25.849,25.836,25.83,25.888,25.796,25.735,25.746,25.783,25.765,25.725,25.689,25.663,25.661,25.657,25.637,25.69,25.473,25.449,25.416,25.395,25.373
26.376,26.369,26.163,26.129,26.118,26.126,26.136,26.16,26.145,26.162,26.171,26.196,26.2,26.224,26.202,26.151,26.154,26.151,26.147,26.166,26.145,26.156,26.159,26.123,26.108,26.106,26.107,26.069,26.061,26.057,26.048,26.074,26.061,25.932,25.855,25.849,25.857,25.858,25.845,25.852,25.838,25.833,25.89,25.798,25.737,25.748,25.785,25.767,25.726,25.69,25.665,25.663,25.659,25.639,25.694,25.477,25.451,25.419,25.398,25.377
26.441,26.436,26.226,26.191,26.18,26.188,26.198,26.226,26.21,26.228,26.236,26.261,26.267,26.292,26.269,26.22,26.221,26.221,26.217,26.232,26.21,26.225,26.222,26.188,26.17,26.168,26.169,26.131,26.123,26.12,26.111,26.146,26.141,26.014,25.936,25.926,25.931,25.929,25.912,25.92,25.901,25.896,25.952,25.861,25.798,25.808,25.846,25.827,25.786,25.751,25.725,25.724,25.719,25.693,25.746,25.528,25.497,25.465,25.444,25.426
26.33,26.328,26.113,26.077,26.065,26.072,26.082,26.11,26.087,26.105,26.113,26.138,26.143,26.167,26.141,26.093,26.098,26.103,26.094,26.109,26.098,26.111,26.1,26.081,26.06,26.064,26.067,26.025,26.019,26.006,25.994,26.016,26.005,25.868,25.791,25.776,25.784,25.78,25.776,25.783,25.77,25.768,25.824,25.736,25.675,25.683,25.721,25.701,25.663,25.629,25.607,25.605,25.599,25.578,25.632,25.421,25.388,25.355,25.33,25.31
26.29,26.29,26.08,26.043,26.03,26.036,26.047,26.074,26.052,26.071,26.079,26.105,26.11,26.134,26.107,26.058,26.063,26.069,26.064,26.08,26.071,26.085,26.072,26.049,26.034,26.042,26.047,26.009,26.002,25.988,25.982,26.025,26.015,25.876,25.795,25.781,25.787,25.782,25.782,25.786,25.772,25.77,25.828,25.738,25.679,25.688,25.727,25.706,25.668,25.635,25.613,25.609,25.604,25.582,25.636,25.432,25.4,25.368,25.342,25.32
26.228,26.231,26.031,25.996,25.982,25.987,25.998,26.025,26.004,26.022,26.028,26.054,26.058,26.081,26.056,26.005,26.009,26.015,26.013,26.03,26.02,26.035,26.028,26.001,25.981,25.994,25.998,25.966,25.96,25.948,25.942,25.958,25.936,25.78,25.692,25.673,25.683,25.685,25.681,25.687,25.681,25.681,25.737,25.652,25.59,25.601,25.638,25.617,25.582,25.547,25.529,25.526,25.526,25.507,25.562,25.357,25.337,25.306,25.277,25.252
26.206,26.209,26.013,25.98,25.967,25.972,25.983,26.01,25.99,26.008,26.015,26.041,26.044,26.068,26.043,25.992,25.996,26.002,25.999,26.016,26.009,26.029,26.023,25.995,25.971,25.984,25.989,25.956,25.952,25.938,25.931,25.947,25.919,25.75,25.656,25.632,25.641,25.644,25.642,25.648,25.645,25.646,25.702,25.619,25.561,25.571,25.608,25.588,25.553,25.52,25.502,25.5,25.5,25.482,25.539,25.334,25.311,25.283,25.255,25.228
26.23,26.232,26.04,26.007,25.996,26.002,26.014,26.039,26.02,26.038,26.044,26.071,26.067,26.091,26.066,26.014,26.019,26.024,26.022,26.038,26.033,26.051,26.048,26.02,25.996,26.01,26.015,25.986,25.984,25.971,25.967,25.989,25.963,25.802,25.695,25.662,25.666,25.671,25.668,25.671,25.669,25.67,25.719,25.637,25.578,25.591,25.628,25.61,25.575,25.541,25.524,25.523,25.524,25.507,25.57,25.365,25.345,25.317,25.291,25.265
26.17,26.175,26,25.972,25.962,25.971,25.982,26.004,25.987,26.005,26.012,26.038,26.036,26.059,26.035,25.986,25.99,25.996,25.991,26.007,26.004,26.021,26.019,25.983,25.964,25.978,25.983,25.946,25.949,25.942,25.944,25.953,25.927,25.765,25.669,25.583,25.592,25.6,25.604,25.61,25.607,25.608,25.653,25.583,25.527,25.539,25.573,25.556,25.524,25.49,25.476,25.474,25.474,25.457,25.52,25.303,25.278,25.25,25.226,25.21
26.034,26.042,25.895,25.875,25.869,25.881,25.888,25.915,25.901,25.918,25.925,25.95,25.95,25.972,25.953,25.906,25.911,25.917,25.914,25.93,25.926,25.942,25.944,25.917,25.896,25.911,25.918,25.87,25.869,25.871,25.865,25.874,25.847,25.675,25.577,25.529,25.502,25.521,25.534,25.533,25.528,25.526,25.57,25.509,25.467,25.479,25.513,25.502,25.468,25.439,25.423,25.421,25.423,25.403,25.467,25.245,25.209,25.184,25.159,25.142
25.763,25.773,25.638,25.628,25.628,25.641,25.648,25.676,25.66,25.675,25.682,25.707,25.711,25.733,25.713,25.677,25.681,25.689,25.684,25.701,25.693,25.708,25.713,25.696,25.682,25.686,25.695,25.671,25.667,25.662,25.667,25.683,25.67,25.509,25.4,25.351,25.361,25.377,25.374,25.368,25.362,25.36,25.402,25.342,25.31,25.316,25.351,25.338,25.306,25.274,25.258,25.255,25.253,25.231,25.291,25.062,25.025,24.996,24.974,24.958
25.562,25.574,25.437,25.43,25.433,25.448,25.454,25.481,25.462,25.477,25.486,25.511,25.515,25.537,25.516,25.476,25.484,25.491,25.488,25.504,25.498,25.512,25.515,25.498,25.49,25.497,25.503,25.489,25.494,25.485,25.486,25.511,25.527,25.389,25.287,25.229,25.241,25.267,25.28,25.272,25.264,25.259,25.302,25.236,25.206,25.21,25.247,25.235,25.204,25.175,25.157,25.154,25.153,25.128,25.186,24.961,24.923,24.89,24.865,24.847
25.487,25.497,25.361,25.354,25.358,25.373,25.379,25.406,25.388,25.403,25.412,25.436,25.443,25.464,25.442,25.402,25.409,25.416,25.413,25.43,25.423,25.437,25.44,25.424,25.414,25.421,25.428,25.421,25.427,25.422,25.421,25.446,25.462,25.38,25.283,25.229,25.239,25.265,25.266,25.245,25.23,25.223,25.263,25.197,25.162,25.166,25.203,25.192,25.163,25.134,25.117,25.115,25.117,25.094,25.151,24.924,24.889,24.854,24.825,24.805
25.431,25.441,25.296,25.288,25.292,25.307,25.312,25.338,25.319,25.334,25.342,25.366,25.373,25.393,25.37,25.328,25.335,25.341,25.34,25.356,25.351,25.364,25.368,25.349,25.339,25.346,25.355,25.351,25.359,25.357,25.359,25.379,25.388,25.319,25.263,25.211,25.221,25.248,25.247,25.234,25.217,25.207,25.246,25.178,25.144,25.148,25.184,25.175,25.149,25.121,25.107,25.107,25.108,25.084,25.143,24.917,24.881,24.846,24.817,24.796
25.395,25.406,25.259,25.253,25.256,25.271,25.276,25.302,25.284,25.299,25.308,25.331,25.338,25.36,25.337,25.295,25.301,25.307,25.306,25.322,25.317,25.331,25.335,25.315,25.305,25.313,25.32,25.316,25.325,25.329,25.33,25.35,25.355,25.287,25.228,25.211,25.221,25.249,25.247,25.234,25.218,25.207,25.245,25.178,25.144,25.148,25.183,25.175,25.149,25.121,25.108,25.107,25.108,25.084,25.142,24.917,24.881,24.846,24.816,24.795
25.394,25.408,25.26,25.253,25.257,25.273,25.277,25.304,25.288,25.303,25.312,25.337,25.343,25.363,25.342,25.301,25.307,25.314,25.312,25.329,25.323,25.337,25.341,25.321,25.311,25.319,25.326,25.322,25.33,25.333,25.339,25.359,25.357,25.291,25.236,25.218,25.23,25.255,25.252,25.24,25.225,25.215,25.252,25.186,25.152,25.156,25.191,25.182,25.156,25.127,25.115,25.113,25.114,25.093,25.151,24.926,24.89,24.855,24.825,24.804
25.384,25.4,25.251,25.243,25.248,25.263,25.268,25.294,25.277,25.292,25.3,25.324,25.33,25.352,25.332,25.29,25.296,25.302,25.3,25.317,25.31,25.325,25.329,25.311,25.3,25.308,25.315,25.31,25.318,25.322,25.331,25.349,25.349,25.29,25.23,25.209,25.22,25.245,25.248,25.237,25.22,25.209,25.248,25.18,25.142,25.146,25.179,25.173,25.145,25.117,25.104,25.103,25.104,25.08,25.135,24.912,24.875,24.84,24.811,24.789
25.386,25.4,25.252,25.246,25.251,25.267,25.271,25.296,25.281,25.295,25.304,25.327,25.334,25.357,25.337,25.294,25.299,25.305,25.303,25.32,25.313,25.329,25.334,25.314,25.303,25.311,25.318,25.313,25.321,25.326,25.335,25.35,25.335,25.278,25.225,25.211,25.222,25.25,25.248,25.236,25.22,25.21,25.248,25.18,25.142,25.146,25.179,25.173,25.145,25.117,25.104,25.103,25.104,25.08,25.134,24.91,24.873,24.838,24.809,24.788
25.364,25.376,25.232,25.225,25.23,25.245,25.25,25.275,25.259,25.274,25.282,25.306,25.313,25.335,25.314,25.271,25.276,25.283,25.281,25.298,25.29,25.306,25.309,25.29,25.279,25.287,25.295,25.289,25.297,25.303,25.309,25.324,25.311,25.268,25.214,25.196,25.207,25.235,25.23,25.235,25.217,25.206,25.245,25.179,25.142,25.146,25.179,25.173,25.145,25.117,25.104,25.102,25.104,25.079,25.133,24.91,24.871,24.837,24.807,24.786
25.356,25.368,25.229,25.223,25.228,25.243,25.248,25.273,25.26,25.275,25.283,25.307,25.312,25.334,25.313,25.27,25.275,25.282,25.279,25.296,25.288,25.305,25.308,25.288,25.277,25.286,25.294,25.288,25.295,25.301,25.308,25.323,25.31,25.266,25.211,25.2,25.211,25.238,25.234,25.239,25.221,25.21,25.249,25.183,25.146,25.152,25.191,25.187,25.158,25.131,25.119,25.121,25.123,25.096,25.151,24.927,24.888,24.855,24.826,24.804
25.376,25.387,25.238,25.235,25.241,25.258,25.264,25.288,25.275,25.288,25.296,25.321,25.323,25.343,25.322,25.279,25.283,25.29,25.288,25.306,25.297,25.314,25.317,25.297,25.286,25.293,25.301,25.296,25.304,25.309,25.316,25.332,25.316,25.272,25.22,25.21,25.22,25.245,25.241,25.246,25.228,25.228,25.263,25.198,25.162,25.167,25.204,25.187,25.156,25.127,25.117,25.117,25.114,25.087,25.141,24.913,24.873,24.839,24.809,24.787
25.318,25.329,25.183,25.174,25.183,25.2,25.204,25.226,25.215,25.228,25.238,25.263,25.264,25.285,25.269,25.23,25.236,25.243,25.242,25.26,25.251,25.267,25.27,25.248,25.236,25.244,25.253,25.248,25.256,25.261,25.269,25.284,25.267,25.221,25.175,25.171,25.18,25.205,25.204,25.205,25.183,25.186,25.229,25.17,25.135,25.139,25.177,25.169,25.134,25.101,25.091,25.092,25.091,25.064,25.119,24.887,24.851,24.817,24.787,24.759
25.284,25.298,25.154,25.145,25.152,25.171,25.174,25.197,25.188,25.201,25.211,25.235,25.236,25.257,25.243,25.208,25.215,25.223,25.222,25.24,25.231,25.247,25.249,25.227,25.215,25.222,25.231,25.227,25.235,25.241,25.248,25.264,25.246,25.199,25.153,25.151,25.159,25.183,25.183,25.188,25.163,25.164,25.208,25.148,25.117,25.123,25.162,25.153,25.117,25.077,25.059,25.059,25.053,25.026,25.084,24.848,24.812,24.773,24.74,24.715
25.278,25.29,25.15,25.141,25.148,25.168,25.171,25.193,25.183,25.196,25.206,25.231,25.233,25.254,25.241,25.209,25.218,25.228,25.228,25.247,25.239,25.256,25.257,25.233,25.22,25.226,25.235,25.231,25.24,25.246,25.254,25.269,25.254,25.203,25.156,25.153,25.16,25.186,25.186,25.193,25.175,25.173,25.211,25.158,25.13,25.137,25.178,25.166,25.126,25.081,25.047,25.042,25.035,25.013,25.072,24.849,24.807,24.764,24.729,24.702
25.262,25.274,25.133,25.123,25.13,25.15,25.151,25.174,25.165,25.178,25.187,25.211,25.213,25.238,25.223,25.19,25.198,25.205,25.204,25.222,25.213,25.228,25.228,25.206,25.194,25.2,25.21,25.205,25.215,25.219,25.227,25.241,25.226,25.173,25.128,25.126,25.134,25.159,25.156,25.169,25.149,25.143,25.184,25.137,25.108,25.12,25.155,25.142,25.104,25.064,25.041,25.054,25.045,25.017,25.069,24.846,24.803,24.76,24.725,24.7
25.299,25.311,25.17,25.16,25.167,25.188,25.189,25.207,25.193,25.207,25.217,25.24,25.243,25.268,25.254,25.221,25.229,25.236,25.236,25.253,25.244,25.259,25.258,25.236,25.223,25.23,25.239,25.234,25.244,25.248,25.255,25.27,25.254,25.2,25.156,25.152,25.16,25.187,25.183,25.195,25.172,25.168,25.203,25.159,25.127,25.136,25.173,25.159,25.122,25.082,25.058,25.068,25.04,25.016,25.065,24.845,24.802,24.76,24.725,24.7
25.254,25.266,25.125,25.118,25.124,25.147,25.146,25.165,25.161,25.18,25.189,25.213,25.222,25.248,25.233,25.192,25.2,25.207,25.209,25.225,25.219,25.233,25.232,25.212,25.2,25.208,25.217,25.211,25.22,25.225,25.231,25.245,25.23,25.178,25.134,25.131,25.14,25.168,25.163,25.174,25.156,25.155,25.193,25.151,25.106,25.118,25.149,25.141,25.109,25.07,25.045,25.056,25.04,24.986,25.039,24.825,24.788,24.745,24.713,24.687
25.161,25.174,25.03,25.024,25.032,25.054,25.05,25.07,25.065,25.079,25.085,25.109,25.111,25.136,25.118,25.077,25.082,25.089,25.092,25.107,25.107,25.122,25.123,25.105,25.096,25.104,25.112,25.105,25.114,25.117,25.123,25.136,25.126,25.075,25.033,25.03,25.038,25.067,25.06,25.071,25.059,25.061,25.099,25.063,25.03,25.045,25.077,25.076,25.038,25.007,24.981,24.993,24.973,24.952,24.991,24.789,24.755,24.714,24.681,24.659
25.106,25.119,24.978,24.971,24.979,25.002,24.999,25.02,25.014,25.029,25.037,25.062,25.062,25.087,25.067,25.023,25.027,25.033,25.037,25.052,25.053,25.068,25.071,25.055,25.047,25.055,25.064,25.056,25.065,25.067,25.072,25.085,25.074,25.027,24.985,24.983,24.991,25.019,25.011,25.022,25.009,25.013,25.051,25.014,24.987,24.999,25.031,25.027,24.997,24.965,24.946,24.956,24.93,24.911,24.97,24.781,24.747,24.706,24.675,24.652
25.071,25.086,24.945,24.938,24.945,24.968,24.964,24.985,24.978,24.992,25,25.026,25.022,25.048,25.031,24.985,24.989,24.995,24.996,25.011,25.012,25.028,25.034,25.02,25.013,25.022,25.032,25.025,25.032,25.034,25.039,25.051,25.04,24.991,24.951,24.949,24.957,24.985,24.977,24.987,24.973,24.977,25.018,24.984,24.959,24.969,25.002,24.993,24.958,24.935,24.921,24.933,24.91,24.891,24.954,24.77,24.74,24.703,24.673,24.651
25.08,25.093,24.954,24.947,24.954,24.976,24.974,24.994,24.988,25.001,25.008,25.033,25.03,25.062,25.045,25.002,25.005,25.01,25.012,25.026,25.027,25.044,25.051,25.039,25.032,25.042,25.052,25.045,25.053,25.054,25.058,25.069,25.058,25.008,24.968,24.963,24.971,25,24.993,25.003,24.989,24.992,25.035,25.002,24.973,24.981,25.01,25.006,24.973,24.949,24.933,24.952,24.927,24.904,24.972,24.788,24.765,24.743,24.714,24.688
25.029,25.042,24.906,24.898,24.904,24.926,24.924,24.943,24.936,24.949,24.958,24.982,24.98,25.014,24.991,24.946,24.948,24.955,24.957,24.972,24.974,24.991,24.997,24.982,24.973,24.981,24.991,24.982,24.989,24.989,24.994,25.006,24.995,24.946,24.906,24.901,24.91,24.939,24.931,24.942,24.925,24.929,24.973,24.937,24.904,24.912,24.945,24.94,24.9,24.88,24.869,24.888,24.902,24.883,24.949,24.759,24.734,24.696,24.658,24.632
25.031,25.044,24.907,24.899,24.905,24.927,24.925,24.945,24.939,24.952,24.961,24.985,24.983,25.016,24.992,24.946,24.949,24.956,24.96,24.974,24.975,24.99,24.996,24.982,24.972,24.981,24.991,24.981,24.988,24.988,24.993,25.006,24.994,24.944,24.903,24.899,24.908,24.938,24.931,24.942,24.926,24.93,24.972,24.937,24.9,24.909,24.945,24.955,24.913,24.889,24.877,24.895,24.906,24.903,24.963,24.774,24.747,24.709,24.67,24.633
24.999,25.013,24.876,24.869,24.875,24.898,24.895,24.917,24.908,24.923,24.931,24.956,24.954,24.985,24.959,24.923,24.922,24.929,24.93,24.945,24.947,24.961,24.971,24.955,24.946,24.953,24.959,24.947,24.952,24.951,24.954,24.964,24.956,24.909,24.869,24.866,24.875,24.904,24.894,24.905,24.889,24.893,24.933,24.901,24.866,24.875,24.907,24.915,24.89,24.86,24.836,24.855,24.867,24.872,24.924,24.746,24.722,24.682,24.64,24.61
24.976,24.991,24.855,24.849,24.855,24.878,24.874,24.896,24.886,24.901,24.908,24.934,24.932,24.962,24.936,24.9,24.899,24.906,24.907,24.921,24.923,24.938,24.948,24.934,24.925,24.933,24.938,24.926,24.931,24.93,24.933,24.943,24.935,24.887,24.848,24.845,24.854,24.883,24.873,24.884,24.868,24.872,24.912,24.88,24.846,24.855,24.887,24.894,24.867,24.825,24.801,24.819,24.83,24.834,24.887,24.752,24.729,24.691,24.647,24.616
24.94,24.953,24.815,24.807,24.815,24.837,24.834,24.855,24.846,24.86,24.868,24.892,24.891,24.923,24.9,24.864,24.864,24.869,24.871,24.886,24.889,24.902,24.911,24.898,24.887,24.895,24.902,24.891,24.898,24.898,24.903,24.916,24.911,24.865,24.823,24.82,24.829,24.858,24.848,24.86,24.845,24.848,24.889,24.857,24.824,24.833,24.864,24.875,24.851,24.809,24.777,24.791,24.807,24.811,24.868,24.723,24.735,24.691,24.646,24.618
24.944,24.956,24.821,24.814,24.821,24.844,24.84,24.862,24.854,24.868,24.877,24.901,24.899,24.933,24.908,24.873,24.873,24.877,24.882,24.897,24.9,24.914,24.923,24.91,24.898,24.906,24.913,24.902,24.909,24.91,24.914,24.927,24.921,24.875,24.833,24.832,24.84,24.87,24.86,24.871,24.857,24.86,24.901,24.868,24.835,24.844,24.876,24.887,24.859,24.818,24.785,24.802,24.812,24.817,24.879,24.728,24.743,24.691,24.649,24.623
24.92,24.932,24.8,24.794,24.802,24.825,24.822,24.844,24.834,24.848,24.856,24.881,24.877,24.911,24.885,24.85,24.85,24.854,24.859,24.873,24.875,24.888,24.896,24.884,24.873,24.882,24.889,24.878,24.885,24.885,24.889,24.901,24.895,24.847,24.805,24.803,24.811,24.84,24.83,24.841,24.827,24.831,24.872,24.839,24.806,24.815,24.847,24.858,24.833,24.793,24.757,24.775,24.785,24.791,24.852,24.692,24.704,24.659,24.623,24.6
24.863,24.876,24.749,24.744,24.752,24.774,24.771,24.793,24.783,24.798,24.806,24.831,24.827,24.862,24.837,24.799,24.8,24.804,24.808,24.822,24.826,24.838,24.844,24.829,24.82,24.828,24.837,24.829,24.836,24.836,24.839,24.848,24.84,24.791,24.748,24.745,24.753,24.782,24.773,24.784,24.772,24.776,24.817,24.782,24.751,24.76,24.79,24.8,24.774,24.738,24.705,24.724,24.731,24.741,24.804,24.653,24.66,24.611,24.58,24.575
