-0.99998,-1.963,-2.6915,-2.713,-2.7039,-2.7288,-2.6847,-2.7871,-2.8046,-2.804,-2.8033,-2.7975,-2.8186,-2.8186,-2.8155,-2.8167,-2.8153,-2.8288,-2.8326,-2.8318,-2.8311,-2.8314,-2.8354,-2.8358,-2.8361,-2.8387,-2.8406,-2.8408,-2.828,-2.8286,-2.8311,-2.8308,-2.832,-2.8286,-2.8274,-2.8283,-2.8319,-2.8379,-2.8384,-2.8383,-2.837,-2.8398,-2.8432,-2.8433,-2.8436,-2.8464,-2.8479,-2.8445,-2.8508,-2.8513,-2.8546,-2.8493,-2.8499,-2.8542,-2.8519,-2.8539,-2.8555,-2.8547,-2.8574,-2.8578,-2.8582,-2.8605,-2.8527,-2.8629,-2.8588,-2.857,-2.8587,-2.8573,-2.8659,-2.8685,-2.867,-2.869,-2.8649,-2.8635,-2.8634,-2.8648,-2.91,-2.8996,-2.9014,-2.9019,-2.9015,-2.9013,-2.9019,-2.9018,-2.9004,-2.903,-2.9033,-2.9004,-2.8993,-2.9029,-2.9061,-2.906,-2.9046,-2.9048,-2.9054,-2.9054,-2.9042,-2.9034,-2.9035,-2.9037
0,0.96392,2.4474,2.5174,2.4784,2.5474,2.4302,2.6221,2.6784,2.6681,2.6721,2.6583,2.6911,2.6932,2.6644,2.6654,2.6713,2.7023,2.7136,2.7025,2.7029,2.7057,2.7128,2.7136,2.7146,2.7229,2.7294,2.7212,2.6844,2.6898,2.6969,2.6953,2.6998,2.6897,2.6885,2.6929,2.7016,2.7177,2.7207,2.7232,2.7184,2.7241,2.7358,2.7361,2.7387,2.7474,2.7531,2.7422,2.759,2.7627,2.7766,2.7595,2.7512,2.7627,2.7509,2.756,2.7623,2.7551,2.7634,2.7653,2.7671,2.7742,2.7474,2.7716,2.7544,2.7511,2.7523,2.7478,2.7721,2.7818,2.7705,2.7753,2.756,2.7524,2.7529,2.7582,2.889,2.8445,2.8435,2.8438,2.8419,2.8414,2.8419,2.8421,2.8421,2.8493,2.8517,2.8426,2.8398,2.8472,2.8585,2.8548,2.8501,2.8517,2.8532,2.8551,2.8519,2.8539,2.8551,2.8586
0,0,-0.75575,-0.83281,-0.75997,-0.96882,-0.859,-0.88549,-0.94708,-0.91766,-0.98032,-0.96879,-0.95569,-0.96425,-0.88902,-0.9004,-0.92229,-0.95237,-0.95894,-0.92667,-0.93511,-0.9418,-0.95086,-0.95064,-0.95078,-0.97053,-0.97865,-0.95511,-0.92015,-0.93072,-0.93935,-0.93817,-0.94795,-0.93648,-0.94007,-0.94804,-0.95787,-0.96926,-0.97621,-0.98516,-0.97433,-0.97552,-0.98885,-0.98906,-0.99578,-1.0057,-1.0143,-0.99619,-1.0106,-1.0173,-1.0539,-1.0331,-1.0061,-1.015,-0.99622,-1.0045,-1.0131,-0.99605,-1.0033,-1.0064,-1.012,-1.0193,-0.98374,-0.99471,-0.97131,-0.974,-0.97251,-0.97029,-0.99343,-1.0064,-0.97657,-0.97722,-0.9465,-0.94447,-0.94636,-0.9334,-1.0625,-0.99076,-0.96533,-0.96609,-0.96285,-0.965,-0.96629,-0.96757,-0.97188,-0.97901,-0.98426,-0.97106,-0.97011,-0.97309,-0.98689,-0.9754,-0.96956,-0.97134,-0.97337,-0.98068,-0.97813,-0.98882,-0.9916,-0.99997
0,0,0,0.028607,-0.035246,0.44765,0.24131,0.11676,0.1428,0.11439,0.2831,0.23617,0.18843,0.20252,0.11875,0.1571,0.15752,0.18858,0.17784,0.13948,0.15626,0.15856,0.17233,0.17051,0.16742,0.19959,0.20477,0.18209,0.17181,0.16963,0.177,0.17466,0.19257,0.18078,0.18779,0.19641,0.2036,0.20343,0.21183,0.22203,0.20078,0.19175,0.19537,0.19499,0.20287,0.207,0.21487,0.19292,0.19503,0.19642,0.25023,0.23465,0.20207,0.20288,0.19112,0.20828,0.21144,0.19469,0.19544,0.19681,0.20562,0.21133,0.18676,0.17421,0.16634,0.17512,0.18374,0.19079,0.20152,0.2084,0.17215,0.16187,0.15529,0.15687,0.15784,0.11058,0.15032,0.097799,0.046129,0.053249,0.051253,0.059756,0.068893,0.070248,0.070233,0.073051,0.083281,0.069759,0.077368,0.078322,0.084827,0.07675,0.072878,0.06758,0.069364,0.076293,0.075894,0.089518,0.092951,0.10321
0,0,0,0,0.020956,-0.48442,0.051383,0.42539,0.41778,0.41723,0.24132,0.3752,0.51559,0.5035,0.54643,0.51684,0.57504,0.58323,0.5973,0.62263,0.61218,0.62449,0.65026,0.65275,0.6586,0.63703,0.63556,0.67741,0.67813,0.70446,0.7031,0.71307,0.69904,0.71713,0.71204,0.70562,0.70771,0.71121,0.70496,0.70291,0.73012,0.75082,0.75794,0.75845,0.75577,0.76075,0.7533,0.77893,0.7832,0.79211,0.76168,0.77351,0.81484,0.81643,0.82316,0.80868,0.81075,0.82216,0.82237,0.82447,0.82198,0.81433,0.83463,0.84813,0.84077,0.83761,0.81783,0.80636,0.79385,0.79223,0.81296,0.82693,0.78589,0.78553,0.7871,0.81838,0.82979,0.84569,0.88677,0.87399,0.87087,0.86568,0.85458,0.85349,0.85893,0.85954,0.84194,0.85928,0.84335,0.82754,0.82627,0.82108,0.82471,0.84004,0.84075,0.84708,0.84592,0.83588,0.83155,0.81995
0,0,0,0,0,0.18719,-0.39333,-1.42,-1.445,-1.4254,-1.3403,-1.4708,-1.8387,-1.8326,-1.8419,-1.8611,-1.9304,-2.0466,-2.0603,-2.0777,-2.0822,-2.1028,-2.2144,-2.2171,-2.2243,-2.2285,-2.2322,-2.333,-2.3122,-2.3444,-2.3549,-2.365,-2.3753,-2.3888,-2.3822,-2.3879,-2.4017,-2.4202,-2.4167,-2.4206,-2.4373,-2.4617,-2.4812,-2.4812,-2.4838,-2.4995,-2.4939,-2.5289,-2.5419,-2.5546,-2.5708,-2.568,-2.6294,-2.64,-2.6461,-2.6599,-2.6634,-2.6787,-2.69,-2.6934,-2.7042,-2.7065,-2.7254,-2.746,-2.7382,-2.7404,-2.735,-2.7248,-2.7098,-2.7095,-2.7157,-2.7235,-2.6629,-2.6659,-2.666,-2.657,-2.7069,-2.6985,-2.7088,-2.7005,-2.6923,-2.7145,-2.7092,-2.7061,-2.7098,-2.7137,-2.699,-2.7218,-2.707,-2.6783,-2.6748,-2.6717,-2.6748,-2.69,-2.695,-2.713,-2.708,-2.7026,-2.6972,-2.686
0,0,0,0,0,0,0.21448,1.3571,1.4559,1.4271,1.386,1.3937,1.7775,1.7772,1.7257,1.7629,1.7946,1.9376,1.9674,1.9589,1.9677,1.9877,2.1112,2.113,2.1195,2.1373,2.1472,2.2405,2.1729,2.2008,2.2179,2.2168,2.2437,2.2366,2.2321,2.2518,2.2763,2.3126,2.313,2.3197,2.3211,2.3316,2.3586,2.358,2.3625,2.3812,2.384,2.4237,2.4523,2.4643,2.5077,2.4787,2.5206,2.5455,2.5341,2.5656,2.5755,2.5817,2.6158,2.6202,2.6364,2.662,2.6441,2.6826,2.6704,2.6699,2.68,2.6721,2.6706,2.6763,2.6751,2.6802,2.6355,2.6378,2.6338,2.6329,2.7558,2.7136,2.7026,2.6986,2.6904,2.7384,2.7212,2.7196,2.7344,2.7426,2.7405,2.7525,2.7443,2.7225,2.719,2.7255,2.7233,2.7299,2.7358,2.7562,2.7496,2.7586,2.7544,2.749
0,0,0,0,0,0,0,-0.42857,-0.53714,-0.48586,-0.54731,-0.48304,-0.58233,-0.58379,-0.42269,-0.47884,-0.49374,-0.54643,-0.56754,-0.50622,-0.52079,-0.54054,-0.59985,-0.59784,-0.59787,-0.63269,-0.64491,-0.66908,-0.60035,-0.62789,-0.64391,-0.63901,-0.66592,-0.64494,-0.65662,-0.68377,-0.71988,-0.74903,-0.7548,-0.77016,-0.76122,-0.75509,-0.76858,-0.76691,-0.77342,-0.78083,-0.79084,-0.80925,-0.84065,-0.85167,-0.91295,-0.87572,-0.86942,-0.89234,-0.862,-0.89393,-0.90818,-0.88393,-0.91277,-0.91949,-0.93416,-0.96695,-0.90039,-0.91534,-0.89853,-0.90074,-0.90623,-0.90662,-0.9191,-0.92939,-0.91399,-0.91737,-0.88367,-0.88458,-0.88009,-0.89083,-1.0132,-0.94243,-0.91296,-0.90773,-0.90388,-0.9442,-0.91391,-0.92425,-0.93728,-0.9482,-0.95022,-0.94338,-0.94282,-0.93062,-0.93256,-0.93666,-0.93142,-0.93345,-0.93621,-0.96182,-0.9603,-0.98721,-0.98597,-0.98969
0,0,0,0,0,0,0,0,0.039152,-0.012371,0.26426,0.1533,0.087451,0.076781,-0.086795,0.031681,-0.0046102,-0.0035259,-0.021661,-0.09437,-0.062821,-0.057788,-0.020298,-0.026519,-0.037168,0.017242,0.026014,0.030364,0.0026085,0.0077527,0.022428,0.013931,0.042915,0.01653,0.036212,0.074845,0.10755,0.12961,0.13939,0.158,0.13267,0.11602,0.11059,0.10784,0.10971,0.098211,0.10816,0.092157,0.10776,0.11009,0.18882,0.16235,0.13511,0.14743,0.11807,0.15836,0.16437,0.12939,0.1308,0.13511,0.15134,0.16908,0.099227,0.066483,0.065055,0.072864,0.082394,0.098063,0.11559,0.12117,0.097701,0.089219,0.07062,0.07291,0.06924,0.047249,0.082806,0.032114,-0.010725,-0.0066144,-0.0051131,0.013135,-0.00040904,0.020425,-0.039699,-0.034506,-0.03044,-0.039573,-0.030388,-0.032983,-0.028613,-0.015154,-0.017527,-0.015908,-0.014556,0.01036,0.010871,0.040609,0.047079,0.061942
0,0,0,0,0,0,0,0,0,0.018669,-0.28319,-0.051749,0.17276,0.19757,0.2207,0.10192,0.24974,0.33525,0.36537,0.40015,0.37659,0.40196,0.43613,0.44293,0.46164,0.43186,0.43055,0.47726,0.48999,0.52078,0.51493,0.53839,0.52443,0.55578,0.54461,0.51655,0.50907,0.49525,0.48409,0.47581,0.5123,0.54526,0.56055,0.56294,0.57361,0.6053,0.5962,0.63884,0.64041,0.65252,0.59487,0.61172,0.65801,0.65087,0.67943,0.65607,0.65888,0.68787,0.69626,0.69927,0.69088,0.68298,0.72854,0.77151,0.75183,0.7503,0.73007,0.69943,0.67322,0.67164,0.68651,0.70252,0.67125,0.66945,0.67366,0.72438,0.74689,0.75417,0.79165,0.77399,0.76934,0.7689,0.77348,0.75709,0.88921,0.90486,0.89206,0.90222,0.88481,0.86786,0.86377,0.82556,0.83023,0.83051,0.82901,0.8257,0.82783,0.80199,0.78415,0.75975
0,0,0,0,0,0,0,0,0,0,0.10781,-0.13068,-0.7343,-0.75239,-0.68376,-0.63014,-0.78439,-1.0698,-1.1046,-1.1159,-1.125,-1.1618,-1.3718,-1.3763,-1.3954,-1.4181,-1.4267,-1.6018,-1.5854,-1.6263,-1.6364,-1.6598,-1.6879,-1.7074,-1.6988,-1.7148,-1.7361,-1.7644,-1.7549,-1.7529,-1.7813,-1.8213,-1.8515,-1.8528,-1.8686,-1.9107,-1.907,-1.9768,-1.995,-2.0116,-2.0139,-2.012,-2.0966,-2.103,-2.1298,-2.1588,-2.1661,-2.2004,-2.2248,-2.2311,-2.2461,-2.2483,-2.2815,-2.3157,-2.2915,-2.2993,-2.2956,-2.2592,-2.2183,-2.2158,-2.2236,-2.2315,-2.1679,-2.1696,-2.1721,-2.2008,-2.2712,-2.2507,-2.2732,-2.2635,-2.2582,-2.282,-2.3015,-2.2944,-2.3973,-2.4327,-2.4237,-2.4409,-2.4198,-2.3894,-2.3837,-2.3525,-2.3629,-2.3652,-2.3654,-2.3789,-2.3768,-2.3561,-2.3379,-2.3126
0,0,0,0,0,0,0,0,0,0,0,0.086136,0.7287,0.73196,0.61882,0.58754,0.61733,0.91937,0.98779,0.96035,0.9807,1.0063,1.2331,1.2352,1.2462,1.2843,1.302,1.4848,1.3993,1.437,1.4542,1.4598,1.5089,1.4995,1.4981,1.5373,1.5822,1.6411,1.6355,1.6382,1.658,1.6801,1.7189,1.7192,1.7328,1.7679,1.7776,1.8475,1.8865,1.8978,1.9434,1.9118,1.9967,2.0237,2.025,2.0788,2.0957,2.1121,2.168,2.175,2.2016,2.2339,2.2305,2.2697,2.2587,2.2663,2.2876,2.2662,2.226,2.2249,2.232,2.2343,2.1929,2.1954,2.1958,2.2057,2.335,2.285,2.2903,2.2983,2.2914,2.3345,2.3297,2.3295,2.373,2.4051,2.4103,2.4092,2.3975,2.3647,2.3583,2.3557,2.3617,2.3634,2.3645,2.3769,2.3689,2.3699,2.3631,2.3437
0,0,0,0,0,0,0,0,0,0,0,0,-0.23181,-0.23105,-0.015514,-0.03919,0.0042187,-0.073837,-0.14128,-0.035986,-0.065242,-0.08224,-0.14536,-0.14296,-0.14187,-0.18482,-0.2037,-0.2726,-0.17651,-0.20975,-0.227,-0.22631,-0.26702,-0.23925,-0.26301,-0.30914,-0.36594,-0.41052,-0.41278,-0.43362,-0.44285,-0.44951,-0.47062,-0.46952,-0.48346,-0.50154,-0.5185,-0.53367,-0.57485,-0.57987,-0.64424,-0.60488,-0.63961,-0.67267,-0.64347,-0.69047,-0.71195,-0.68182,-0.72927,-0.73883,-0.76129,-0.80777,-0.73296,-0.75003,-0.75666,-0.75991,-0.78231,-0.78728,-0.77858,-0.77936,-0.78378,-0.78738,-0.76515,-0.76607,-0.76692,-0.83576,-0.95181,-0.88071,-0.86026,-0.87245,-0.86403,-0.90199,-0.85436,-0.86488,-0.8744,-0.89138,-0.89801,-0.86943,-0.89435,-0.87576,-0.86898,-0.86862,-0.86713,-0.86902,-0.86837,-0.89385,-0.88859,-0.9109,-0.9105,-0.90125
0,0,0,0,0,0,0,0,0,0,0,0,0,9.6994e-05,-0.21817,-0.065864,-0.1554,-0.20623,-0.17964,-0.29011,-0.22913,-0.23325,-0.24478,-0.25285,-0.26666,-0.19697,-0.18644,-0.15534,-0.20067,-0.20183,-0.18499,-0.19331,-0.15521,-0.1876,-0.15511,-0.084242,-0.041221,-0.0085259,0.0038694,0.031677,0.011656,0.0048462,0.0079318,0.0050863,0.013225,0.0084654,0.023549,-0.012953,0.0022479,-0.0059526,0.073188,0.050496,0.038927,0.063712,0.021427,0.07074,0.081306,0.034164,0.043223,0.049133,0.070977,0.096248,-0.0013305,-0.040957,-0.024514,-0.02451,-0.011749,0.0094176,0.037368,0.037844,0.041053,0.039167,0.01862,0.020257,0.01878,0.11657,0.19265,0.1417,0.10521,0.12038,0.11511,0.13722,0.11719,0.13622,0.076411,0.080211,0.088304,0.063466,0.12517,0.17167,0.17086,0.17579,0.17574,0.17876,0.17826,0.22269,0.21739,0.23938,0.23931,0.24711
0,0,0,0,0,0,0,0,0,0,0,0,0,0,0.078607,-0.091046,0.11064,0.25821,0.24455,0.26891,0.20979,0.25348,0.37366,0.38212,0.40546,0.36379,0.36401,0.40667,0.4322,0.48238,0.47745,0.50861,0.49263,0.52827,0.51004,0.45428,0.44478,0.43371,0.4179,0.40621,0.44753,0.48979,0.49918,0.50266,0.51188,0.54085,0.52665,0.58565,0.59378,0.61729,0.56815,0.57401,0.62796,0.61567,0.66272,0.6321,0.634,0.67226,0.68011,0.68415,0.675,0.66756,0.7329,0.79361,0.76924,0.77366,0.76675,0.72359,0.6814,0.67934,0.68036,0.68743,0.68315,0.68083,0.68621,0.68928,0.63214,0.65778,0.6872,0.66534,0.6649,0.65965,0.62465,0.60913,0.73451,0.7499,0.72991,0.74836,0.69121,0.57364,0.54559,0.5166,0.51678,0.5141,0.51287,0.4859,0.49694,0.47128,0.46756,0.44764
0,0,0,0,0,0,0,0,0,0,0,0,0,0,0,0.060144,-0.14923,-0.5299,-0.54349,-0.51621,-0.4949,-0.54347,-0.92785,-0.93353,-0.95551,-0.99208,-1.0031,-1.241,-1.2282,-1.2872,-1.3026,-1.3354,-1.3784,-1.3999,-1.3868,-1.3918,-1.4165,-1.4686,-1.4552,-1.4526,-1.4901,-1.5468,-1.5874,-1.5902,-1.6099,-1.6562,-1.6477,-1.739,-1.7618,-1.7864,-1.8139,-1.7951,-1.9062,-1.9162,-1.9517,-1.9769,-1.9875,-2.0283,-2.0546,-2.0631,-2.0856,-2.0955,-2.1391,-2.1846,-2.1569,-2.1668,-2.173,-2.1019,-2.0427,-2.0393,-2.051,-2.054,-2.0273,-2.0263,-2.031,-2.1034,-2.1418,-2.152,-2.177,-2.1629,-2.1598,-2.1816,-2.1411,-2.1333,-2.2321,-2.2651,-2.254,-2.2808,-2.2495,-2.1429,-2.0867,-2.0729,-2.0801,-2.0745,-2.074,-2.0767,-2.0826,-2.0449,-2.0403,-2.0223
0,0,0,0,0,0,0,0,0,0,0,0,0,0,0,0,0.075202,0.47784,0.56151,0.50293,0.4957,0.50443,0.9028,0.90769,0.91944,0.97826,0.99856,1.2497,1.1443,1.1858,1.2074,1.2174,1.291,1.2757,1.2737,1.3054,1.3551,1.4389,1.4281,1.4344,1.4642,1.4922,1.5461,1.5481,1.5688,1.6194,1.6273,1.7225,1.7671,1.7838,1.856,1.8081,1.9248,1.9629,1.958,2.0118,2.0336,2.0573,2.1185,2.1273,2.1644,2.2135,2.2067,2.2482,2.2418,2.252,2.2778,2.2267,2.1471,2.1421,2.1557,2.1558,2.1355,2.1344,2.1386,2.1828,2.3334,2.2966,2.3153,2.3138,2.3096,2.3495,2.3051,2.3042,2.3431,2.3735,2.3861,2.3886,2.3792,2.3257,2.2806,2.3031,2.3132,2.3106,2.3098,2.3149,2.3101,2.2899,2.2923,2.2741
0,0,0,0,0,0,0,0,0,0,0,0,0,0,0,0,0,-0.14465,-0.23833,-0.10636,-0.12228,-0.10496,-0.21512,-0.21853,-0.22039,-0.28662,-0.30657,-0.36874,-0.24888,-0.28256,-0.30012,-0.30222,-0.36415,-0.32221,-0.35414,-0.40055,-0.46042,-0.51866,-0.51689,-0.54945,-0.56212,-0.57048,-0.59509,-0.59519,-0.62235,-0.65996,-0.67812,-0.70892,-0.75788,-0.76694,-0.84939,-0.79928,-0.84126,-0.88953,-0.83993,-0.88436,-0.90797,-0.88373,-0.94588,-0.9565,-0.98633,-1.0522,-0.94992,-0.96173,-0.98572,-0.98793,-1.017,-1.022,-0.97964,-0.96964,-0.98555,-0.98609,-0.9707,-0.96958,-0.97566,-1.0511,-1.1903,-1.112,-1.0972,-1.0984,-1.0915,-1.1246,-1.0599,-1.0704,-1.0705,-1.087,-1.0951,-1.0579,-1.0822,-1.0662,-1.0498,-1.067,-1.0759,-1.1022,-1.1007,-1.1107,-1.1065,-1.1182,-1.1223,-1.1006
0,0,0,0,0,0,0,0,0,0,0,0,0,0,0,0,0,0,0.033246,-0.10327,-0.030331,-0.059324,-0.099472,-0.096724,-0.099335,0.020226,0.03113,0.012639,-0.032745,-0.034135,-0.015984,-0.023629,0.030132,-0.01913,0.025336,0.11174,0.1568,0.19958,0.2108,0.24999,0.22507,0.21283,0.21598,0.21259,0.2318,0.24465,0.26345,0.24147,0.26344,0.25859,0.35585,0.32436,0.30021,0.33396,0.26222,0.30361,0.31203,0.26599,0.29212,0.29933,0.32411,0.36269,0.22729,0.171,0.20607,0.19969,0.21232,0.24564,0.27869,0.27096,0.30051,0.30194,0.28964,0.29068,0.29183,0.40365,0.50522,0.44237,0.40132,0.41156,0.4057,0.43312,0.39552,0.41362,0.34521,0.34828,0.34024,0.31331,0.37062,0.41616,0.41939,0.43422,0.44202,0.49556,0.50265,0.5357,0.53149,0.54661,0.54672,0.53899
0,0,0,0,0,0,0,0,0,0,0,0,0,0,0,0,0,0,0,0.048859,-0.031041,0.025404,0.19255,0.1875,0.18336,0.071943,0.06936,0.19003,0.19946,0.25875,0.25237,0.29057,0.27217,0.32104,0.29384,0.22452,0.2196,0.20756,0.19206,0.17441,0.22269,0.28616,0.30131,0.30594,0.31745,0.33807,0.31444,0.36592,0.36598,0.38886,0.31794,0.3314,0.39646,0.38319,0.45107,0.43403,0.44261,0.48095,0.48336,0.48619,0.47676,0.46602,0.55965,0.64275,0.60254,0.61423,0.61763,0.55718,0.49211,0.48899,0.47015,0.46391,0.47478,0.47307,0.48049,0.4824,0.38828,0.43024,0.46281,0.43956,0.43952,0.41977,0.4148,0.40076,0.52401,0.54017,0.54343,0.54118,0.48654,0.37458,0.34563,0.30533,0.30558,0.26424,0.24781,0.20437,0.21398,0.20094,0.19925,0.18664
0,0,0,0,0,0,0,0,0,0,0,0,0,0,0,0,0,0,0,0,0.028286,-0.029312,-0.50675,-0.50433,-0.48975,-0.44895,-0.45039,-0.83555,-0.79642,-0.86496,-0.88307,-0.92352,-0.98075,-1.005,-0.9851,-0.99197,-1.0315,-1.103,-1.0885,-1.0817,-1.1246,-1.2021,-1.2627,-1.2666,-1.293,-1.3479,-1.331,-1.4519,-1.4687,-1.4983,-1.5113,-1.4988,-1.6267,-1.6363,-1.6788,-1.7205,-1.7412,-1.7796,-1.8111,-1.8195,-1.843,-1.8597,-1.9148,-1.9768,-1.9355,-1.9523,-1.9712,-1.8702,-1.7859,-1.7782,-1.7946,-1.7877,-1.8138,-1.8114,-1.8197,-1.952,-1.9722,-2.0035,-2.0267,-2.0078,-2.0044,-2.02,-2.0105,-1.9999,-2.0928,-2.1244,-2.1278,-2.1242,-2.0934,-1.9904,-1.9386,-1.9212,-1.9332,-1.9174,-1.9053,-1.8675,-1.8682,-1.8392,-1.8402,-1.8268
0,0,0,0,0,0,0,0,0,0,0,0,0,0,0,0,0,0,0,0,0,0.02075,0.52829,0.53331,0.5224,0.50195,0.49954,0.89689,0.74403,0.79553,0.82019,0.82891,0.91754,0.89674,0.89341,0.92713,0.99773,1.1093,1.096,1.1025,1.1376,1.1756,1.2479,1.2516,1.2804,1.3442,1.353,1.4861,1.5374,1.5624,1.6306,1.5852,1.7272,1.7664,1.7662,1.8333,1.8627,1.8805,1.9527,1.9617,2.0002,2.06,2.0508,2.0966,2.0826,2.0991,2.1382,2.0607,1.9454,1.9343,1.962,1.9619,1.981,1.9754,1.9824,2.1203,2.3005,2.2749,2.2904,2.2787,2.275,2.319,2.2866,2.2792,2.3408,2.3692,2.387,2.3702,2.3618,2.3126,2.2694,2.3028,2.3144,2.3147,2.3103,2.285,2.2713,2.2371,2.2417,2.2332
0,0,0,0,0,0,0,0,0,0,0,0,0,0,0,0,0,0,0,0,0,0,-0.18112,-0.18758,-0.18763,-0.21119,-0.20128,-0.30325,-0.14175,-0.20067,-0.22211,-0.2176,-0.28054,-0.23247,-0.27209,-0.31685,-0.39295,-0.47357,-0.47117,-0.51188,-0.52746,-0.54341,-0.57605,-0.57751,-0.62004,-0.6675,-0.68917,-0.7261,-0.78597,-0.8052,-0.89433,-0.83772,-0.90377,-0.95608,-0.9085,-0.96401,-0.99051,-0.9575,-1.0333,-1.0435,-1.0721,-1.1436,-1.0322,-1.0384,-1.0657,-1.0716,-1.1139,-1.109,-1.0376,-1.0178,-1.0507,-1.0534,-1.0386,-1.034,-1.0435,-1.142,-1.336,-1.2474,-1.2307,-1.2177,-1.2134,-1.2504,-1.1797,-1.1874,-1.2331,-1.2549,-1.2677,-1.224,-1.2494,-1.2411,-1.2222,-1.2419,-1.2467,-1.2737,-1.2722,-1.28,-1.2687,-1.2467,-1.2287,-1.2134
0,0,0,0,0,0,0,0,0,0,0,0,0,0,0,0,0,0,0,0,0,0,0,0.0022161,0.0050656,0.14153,0.1343,0.084104,0.043817,0.090668,0.11997,0.10206,0.14536,0.093633,0.14629,0.24596,0.29294,0.35514,0.36891,0.41805,0.38762,0.37656,0.38647,0.38361,0.4159,0.44189,0.46565,0.44049,0.4655,0.46745,0.59662,0.55223,0.55627,0.5964,0.52212,0.57468,0.58565,0.53125,0.56367,0.5698,0.5885,0.62305,0.48005,0.41615,0.46794,0.46049,0.48155,0.51559,0.54341,0.52771,0.58222,0.58951,0.56604,0.56713,0.57092,0.62845,0.7546,0.67031,0.62444,0.62671,0.62449,0.65423,0.60134,0.62117,0.57229,0.58678,0.58731,0.55461,0.60916,0.66088,0.66177,0.64996,0.65645,0.70698,0.71407,0.76113,0.75281,0.743,0.6993,0.67763
0,0,0,0,0,0,0,0,0,0,0,0,0,0,0,0,0,0,0,0,0,0,0,0,-0.00075987,-0.1518,-0.15349,0.011876,-0.013945,-0.034431,-0.060026,-0.0026342,-0.0041672,0.041448,0.014685,-0.069931,-0.070375,-0.089051,-0.10671,-0.13127,-0.070743,0.006694,0.020479,0.024802,0.030571,0.039656,0.0042674,0.071283,0.069733,0.095131,-0.0077825,0.022125,0.065065,0.039669,0.115,0.086371,0.092307,0.13899,0.14288,0.14694,0.1473,0.15259,0.24227,0.32817,0.26897,0.28695,0.29104,0.22573,0.15047,0.14963,0.1113,0.092876,0.12943,0.12665,0.13549,0.17556,0.086323,0.14204,0.18444,0.15791,0.15594,0.13248,0.16073,0.14472,0.27957,0.29042,0.28427,0.29617,0.24556,0.13675,0.10805,0.10825,0.10126,0.061307,0.044877,-0.0038345,0.0094403,-0.0031333,0.028369,0.047143
0,0,0,0,0,0,0,0,0,0,0,0,0,0,0,0,0,0,0,0,0,0,0,0,0,0.053227,0.057011,-0.40057,-0.33249,-0.30695,-0.29764,-0.35774,-0.43831,-0.45681,-0.44381,-0.45673,-0.49986,-0.58602,-0.57142,-0.55755,-0.61513,-0.71174,-0.78453,-0.78873,-0.81083,-0.86064,-0.83267,-1.0038,-1.0231,-1.0578,-1.0702,-1.0694,-1.209,-1.2056,-1.2678,-1.3015,-1.3205,-1.3688,-1.4026,-1.4119,-1.4433,-1.4844,-1.5176,-1.5731,-1.5259,-1.55,-1.5794,-1.4687,-1.3703,-1.3614,-1.3743,-1.3566,-1.4324,-1.4278,-1.4398,-1.6,-1.6156,-1.6546,-1.6786,-1.6523,-1.6488,-1.6616,-1.6996,-1.6874,-1.7956,-1.8294,-1.8283,-1.8426,-1.803,-1.7057,-1.6561,-1.6658,-1.6675,-1.6517,-1.6397,-1.6122,-1.6144,-1.5722,-1.5828,-1.5922
0,0,0,0,0,0,0,0,0,0,0,0,0,0,0,0,0,0,0,0,0,0,0,0,0,0,-0.0011435,0.48444,0.30931,0.30703,0.30086,0.31659,0.41227,0.38906,0.39677,0.44556,0.51936,0.64758,0.63219,0.63492,0.6842,0.73628,0.82413,0.82885,0.85854,0.92081,0.92379,1.1056,1.1706,1.2007,1.2746,1.228,1.3965,1.4313,1.4558,1.5227,1.5523,1.5814,1.6589,1.6687,1.7108,1.7875,1.7446,1.7713,1.7656,1.7851,1.8368,1.7387,1.6064,1.5926,1.6271,1.6218,1.6846,1.6748,1.6851,1.8704,2.0529,2.0372,2.0402,2.0206,2.0168,2.0655,2.061,2.0512,2.1302,2.1615,2.18,2.1725,2.1447,2.0759,2.0359,2.0788,2.0845,2.0863,2.0834,2.0602,2.0443,2.0048,2.0089,2.0012
0,0,0,0,0,0,0,0,0,0,0,0,0,0,0,0,0,0,0,0,0,0,0,0,0,0,0,-0.17314,0.011818,-0.052248,-0.056374,-0.049698,-0.070193,-0.035576,-0.092112,-0.15935,-0.23339,-0.31409,-0.3084,-0.35501,-0.3762,-0.40625,-0.44906,-0.451,-0.50236,-0.55421,-0.57144,-0.63409,-0.70769,-0.73664,-0.83739,-0.77545,-0.85675,-0.91159,-0.87891,-0.94264,-0.97426,-0.95038,-1.0356,-1.0473,-1.08,-1.1567,-1.0209,-1.001,-1.0488,-1.0522,-1.0994,-1.0718,-0.97512,-0.95076,-0.99424,-0.99525,-1.0007,-0.9925,-1.0053,-1.1126,-1.331,-1.2431,-1.2197,-1.1955,-1.193,-1.241,-1.1613,-1.1673,-1.2377,-1.2628,-1.28,-1.2355,-1.2515,-1.2036,-1.1763,-1.203,-1.2056,-1.2345,-1.2357,-1.2221,-1.2106,-1.1966,-1.1783,-1.1521
0,0,0,0,0,0,0,0,0,0,0,0,0,0,0,0,0,0,0,0,0,0,0,0,0,0,0,0,-0.066131,0.0080799,0.040266,0.017344,-0.01165,-0.015843,0.047874,0.1975,0.24063,0.28987,0.30354,0.36039,0.32671,0.32307,0.34412,0.34076,0.38037,0.41381,0.43767,0.43473,0.46765,0.47891,0.64871,0.59751,0.61629,0.66184,0.58949,0.66255,0.68164,0.63096,0.67484,0.6831,0.70766,0.74879,0.59621,0.51586,0.59467,0.57907,0.59489,0.61971,0.62366,0.60089,0.66834,0.67666,0.6577,0.65723,0.66329,0.67926,0.81935,0.72359,0.68097,0.67413,0.677,0.71048,0.63382,0.65551,0.6227,0.6427,0.65408,0.61446,0.67219,0.7052,0.68846,0.69297,0.69703,0.74627,0.75539,0.77309,0.77163,0.76311,0.71943,0.69311
0,0,0,0,0,0,0,0,0,0,0,0,0,0,0,0,0,0,0,0,0,0,0,0,0,0,0,0,0,-0.025718,-0.061802,0.0045183,0.052762,0.03121,0.016057,-0.13284,-0.14034,-0.1364,-0.15521,-0.17955,-0.11531,-0.026895,-0.019349,-0.014615,-0.0090973,-0.0004924,-0.042513,0.018915,0.0097903,0.02983,-0.11448,-0.070553,-0.029204,-0.061336,0.022667,-0.023583,-0.024636,0.02549,0.013537,0.015722,0.0096526,0.0062243,0.10939,0.20009,0.12571,0.1547,0.17493,0.10792,0.041075,0.046943,-0.0088827,-0.031859,0.011256,0.0086047,0.018082,0.1077,0.025138,0.090215,0.13133,0.10317,0.097932,0.079998,0.13619,0.11547,0.26394,0.27101,0.24984,0.2777,0.22263,0.10768,0.086924,0.066738,0.061029,0.02342,0.0069117,-0.025453,-0.022298,-0.016539,0.014709,0.027408
0,0,0,0,0,0,0,0,0,0,0,0,0,0,0,0,0,0,0,0,0,0,0,0,0,0,0,0,0,0,0.012689,-0.058515,-0.15526,-0.13098,-0.14433,-0.10085,-0.11074,-0.22951,-0.21234,-0.20445,-0.26156,-0.37243,-0.45556,-0.45973,-0.4809,-0.54034,-0.50633,-0.70656,-0.72313,-0.75454,-0.74254,-0.75549,-0.92365,-0.9169,-0.99124,-1.0248,-1.041,-1.1036,-1.1238,-1.1321,-1.1592,-1.1931,-1.2461,-1.3088,-1.2596,-1.2902,-1.3413,-1.222,-1.1228,-1.1161,-1.1132,-1.0867,-1.1817,-1.1763,-1.1911,-1.4079,-1.4372,-1.4806,-1.5,-1.4658,-1.4635,-1.4778,-1.5571,-1.5428,-1.6851,-1.7221,-1.7129,-1.7497,-1.7044,-1.5976,-1.5448,-1.5442,-1.5453,-1.5202,-1.5085,-1.4875,-1.4833,-1.4662,-1.4729,-1.4811
0,0,0,0,0,0,0,0,0,0,0,0,0,0,0,0,0,0,0,0,0,0,0,0,0,0,0,0,0,0,0,0.025484,0.12602,0.096787,0.12458,0.12669,0.12241,0.2624,0.23831,0.25152,0.29564,0.34644,0.44687,0.45234,0.47988,0.55066,0.55221,0.77067,0.84342,0.87475,0.92806,0.89085,1.0917,1.1281,1.1612,1.2308,1.2626,1.3055,1.3843,1.3945,1.4382,1.5124,1.4903,1.5264,1.5181,1.5391,1.6035,1.4919,1.3545,1.3391,1.369,1.3545,1.4529,1.4415,1.4551,1.7047,1.9086,1.8949,1.8841,1.8562,1.8544,1.9014,1.9288,1.9203,2.0179,2.0571,2.0789,2.0842,2.0471,1.9645,1.9207,1.9642,1.9701,1.9533,1.9469,1.9317,1.9143,1.889,1.886,1.8916
0,0,0,0,0,0,0,0,0,0,0,0,0,0,0,0,0,0,0,0,0,0,0,0,0,0,0,0,0,0,0,0,-0.036462,-0.0083759,-0.07434,-0.12135,-0.093534,-0.12618,-0.10535,-0.16946,-0.18288,-0.20084,-0.24126,-0.24426,-0.30254,-0.3547,-0.36952,-0.45458,-0.53895,-0.57281,-0.66986,-0.61484,-0.71844,-0.77588,-0.74845,-0.81984,-0.85451,-0.8331,-0.9269,-0.9409,-0.98042,-1.0678,-0.94486,-0.93408,-0.98137,-0.98633,-1.0364,-1.0015,-0.897,-0.86844,-0.91543,-0.91293,-0.9549,-0.94376,-0.95914,-1.1139,-1.3657,-1.2733,-1.2373,-1.2032,-1.2035,-1.2537,-1.1671,-1.1728,-1.2436,-1.2726,-1.2972,-1.2471,-1.2571,-1.1876,-1.1562,-1.1906,-1.1941,-1.2146,-1.2095,-1.1982,-1.1853,-1.1765,-1.1527,-1.1443
0,0,0,0,0,0,0,0,0,0,0,0,0,0,0,0,0,0,0,0,0,0,0,0,0,0,0,0,0,0,0,0,0,-0.010488,0.05935,0.22781,0.20773,0.17325,0.16633,0.23634,0.19739,0.17419,0.18351,0.18021,0.22905,0.26596,0.28686,0.30935,0.34973,0.36351,0.55506,0.50336,0.5446,0.592,0.52267,0.61994,0.64161,0.59155,0.64097,0.65135,0.68609,0.74716,0.58349,0.50838,0.59126,0.57623,0.59526,0.61891,0.62024,0.59226,0.66748,0.67822,0.67331,0.66957,0.67778,0.70322,0.87707,0.76832,0.71895,0.70414,0.712,0.74429,0.64013,0.66113,0.63594,0.65535,0.67569,0.62286,0.68608,0.70565,0.6822,0.70716,0.71037,0.7629,0.76899,0.78039,0.7742,0.77135,0.72722,0.71069
0,0,0,0,0,0,0,0,0,0,0,0,0,0,0,0,0,0,0,0,0,0,0,0,0,0,0,0,0,0,0,0,0,0,-0.025189,-0.20882,-0.21189,-0.14875,-0.1453,-0.16332,-0.11118,0.0087268,0.034815,0.039939,0.046375,0.047815,0.0015641,0.045879,0.027949,0.050213,-0.11599,-0.065919,-0.034484,-0.069649,0.012274,-0.057976,-0.062859,-0.0085485,-0.026666,-0.024587,-0.037164,-0.058885,0.073842,0.17443,0.091816,0.12182,0.14022,0.073435,0.0062136,0.014531,-0.050674,-0.081099,-0.029253,-0.03063,-0.022863,0.1032,0.0070424,0.086585,0.1326,0.1058,0.096348,0.086385,0.17133,0.1492,0.29463,0.30029,0.26517,0.30678,0.23848,0.11234,0.096125,0.046976,0.045066,0.0027027,-0.014717,-0.044246,-0.034892,-0.030659,0.00010396,0.0090671
0,0,0,0,0,0,0,0,0,0,0,0,0,0,0,0,0,0,0,0,0,0,0,0,0,0,0,0,0,0,0,0,0,0,0,0.065411,0.07318,-0.065759,-0.060986,-0.071806,-0.0819,-0.21465,-0.32857,-0.33366,-0.36085,-0.41872,-0.37844,-0.6001,-0.61088,-0.64345,-0.62482,-0.64064,-0.82576,-0.81604,-0.89077,-0.90759,-0.92028,-1.0004,-1.0202,-1.0285,-1.0572,-1.0836,-1.1712,-1.2547,-1.185,-1.2183,-1.2699,-1.1432,-1.042,-1.0356,-1.0288,-0.99245,-1.1147,-1.1087,-1.1231,-1.3934,-1.4335,-1.4845,-1.5067,-1.4677,-1.4637,-1.4851,-1.599,-1.5845,-1.7412,-1.7775,-1.7575,-1.8126,-1.7606,-1.6272,-1.5697,-1.5531,-1.5592,-1.5281,-1.5146,-1.4914,-1.4902,-1.4782,-1.4952,-1.4991
0,0,0,0,0,0,0,0,0,0,0,0,0,0,0,0,0,0,0,0,0,0,0,0,0,0,0,0,0,0,0,0,0,0,0,0,-0.0020129,0.14476,0.11841,0.14652,0.1249,0.15937,0.28403,0.2923,0.33077,0.40114,0.40348,0.64978,0.72921,0.75863,0.80018,0.75962,0.98778,1.0261,1.0636,1.1186,1.1478,1.2087,1.2996,1.3105,1.3566,1.4363,1.4337,1.4912,1.458,1.4868,1.5548,1.4269,1.2779,1.2623,1.2924,1.2728,1.4069,1.3935,1.4069,1.6826,1.9065,1.8933,1.8797,1.8446,1.8429,1.8948,1.9504,1.9443,2.0493,2.0917,2.1158,2.136,2.0997,2.0025,1.9474,1.9981,2.0065,1.9808,1.9715,1.9585,1.9404,1.9175,1.9327,1.9385
0,0,0,0,0,0,0,0,0,0,0,0,0,0,0,0,0,0,0,0,0,0,0,0,0,0,0,0,0,0,0,0,0,0,0,0,0,-0.053302,-0.024396,-0.097326,-0.068584,-0.04628,-0.079604,-0.087096,-0.17065,-0.226,-0.24529,-0.32277,-0.41548,-0.45192,-0.53508,-0.47854,-0.6042,-0.66777,-0.64104,-0.71063,-0.74341,-0.73499,-0.84184,-0.85892,-0.90196,-0.99682,-0.86732,-0.86712,-0.90275,-0.91754,-0.98168,-0.92755,-0.80135,-0.77034,-0.81857,-0.8152,-0.87597,-0.86207,-0.87649,-1.0099,-1.2721,-1.1772,-1.1301,-1.0898,-1.0911,-1.1474,-1.0667,-1.0745,-1.1381,-1.1685,-1.2025,-1.1496,-1.1573,-1.0859,-1.0499,-1.1003,-1.1035,-1.1183,-1.109,-1.1082,-1.0926,-1.0822,-1.0672,-1.0653
0,0,0,0,0,0,0,0,0,0,0,0,0,0,0,0,0,0,0,0,0,0,0,0,0,0,0,0,0,0,0,0,0,0,0,0,0,0,-0.010116,0.067418,0.021648,-0.032607,-0.050573,-0.048344,0.033458,0.091609,0.12049,0.11447,0.15098,0.16992,0.37711,0.32882,0.39537,0.44973,0.37379,0.48298,0.50532,0.46682,0.52471,0.53819,0.58262,0.65035,0.47658,0.39555,0.48052,0.47081,0.50868,0.50907,0.48667,0.45368,0.53609,0.54609,0.54465,0.53957,0.54641,0.49302,0.65114,0.54137,0.47826,0.45685,0.46659,0.50404,0.38458,0.40734,0.37529,0.39197,0.42289,0.35633,0.41846,0.4306,0.41008,0.45226,0.45525,0.51278,0.51629,0.54062,0.52863,0.52793,0.4812,0.46774
0,0,0,0,0,0,0,0,0,0,0,0,0,0,0,0,0,0,0,0,0,0,0,0,0,0,0,0,0,0,0,0,0,0,0,0,0,0,0,-0.027819,0.018667,0.15489,0.20398,0.20347,0.18026,0.13693,0.072678,0.16106,0.15457,0.17671,-0.012533,0.039847,0.055878,0.013397,0.10571,0.026348,0.020272,0.0719,0.044479,0.044457,0.022376,-0.010498,0.13297,0.24183,0.15053,0.18035,0.1871,0.13799,0.094742,0.10906,0.029681,-0.0024886,0.046637,0.045309,0.054148,0.28741,0.24269,0.3154,0.36649,0.34609,0.33279,0.32245,0.43002,0.40519,0.55989,0.56847,0.52014,0.57555,0.50168,0.37781,0.36296,0.28849,0.28866,0.23452,0.21539,0.18031,0.19756,0.19282,0.22886,0.23985
0,0,0,0,0,0,0,0,0,0,0,0,0,0,0,0,0,0,0,0,0,0,0,0,0,0,0,0,0,0,0,0,0,0,0,0,0,0,0,0,-0.017122,-0.16196,-0.29101,-0.29311,-0.29571,-0.28248,-0.21943,-0.51859,-0.54512,-0.57978,-0.5694,-0.59164,-0.79141,-0.77792,-0.86215,-0.88082,-0.89444,-0.98245,-0.99581,-1.0021,-1.0239,-1.0402,-1.1527,-1.2429,-1.1638,-1.1999,-1.2494,-1.1156,-1.0291,-1.0301,-1.0065,-0.96507,-1.0952,-1.0892,-1.1041,-1.4358,-1.5409,-1.5742,-1.5894,-1.5524,-1.5439,-1.5709,-1.7041,-1.6872,-1.8638,-1.9031,-1.872,-1.9424,-1.8886,-1.7431,-1.6883,-1.6504,-1.6625,-1.6259,-1.6083,-1.5851,-1.5884,-1.5654,-1.5903,-1.5942
0,0,0,0,0,0,0,0,0,0,0,0,0,0,0,0,0,0,0,0,0,0,0,0,0,0,0,0,0,0,0,0,0,0,0,0,0,0,0,0,0,0.052145,0.18971,0.19884,0.22625,0.21495,0.19806,0.51425,0.61798,0.65217,0.71845,0.67851,0.92179,0.96133,1.0016,1.057,1.0888,1.1571,1.2514,1.2613,1.3008,1.3727,1.3938,1.4641,1.4282,1.4602,1.533,1.3869,1.2238,1.214,1.2252,1.1985,1.3544,1.34,1.3543,1.6438,1.9022,1.8685,1.837,1.8014,1.7979,1.8569,1.9372,1.9305,2.0564,2.1039,2.1249,2.1578,2.127,2.0243,1.9661,2.0203,2.0325,2.0077,1.9959,1.9795,1.9595,1.9313,1.9578,1.9587
0,0,0,0,0,0,0,0,0,0,0,0,0,0,0,0,0,0,0,0,0,0,0,0,0,0,0,0,0,0,0,0,0,0,0,0,0,0,0,0,0,0,-0.049391,-0.059349,-0.15168,-0.15968,-0.16388,-0.24767,-0.35919,-0.41112,-0.53034,-0.47204,-0.58062,-0.64418,-0.61746,-0.68383,-0.71866,-0.71056,-0.8252,-0.8429,-0.8832,-0.97099,-0.85915,-0.87094,-0.91138,-0.92714,-0.99718,-0.93408,-0.78366,-0.75106,-0.78615,-0.7723,-0.86228,-0.84624,-0.86227,-1.0124,-1.2804,-1.175,-1.107,-1.0666,-1.0694,-1.1274,-1.0744,-1.0839,-1.1559,-1.1911,-1.2304,-1.1797,-1.193,-1.129,-1.0931,-1.1629,-1.1638,-1.1756,-1.1653,-1.1664,-1.1467,-1.1356,-1.1273,-1.1188
0,0,0,0,0,0,0,0,0,0,0,0,0,0,0,0,0,0,0,0,0,0,0,0,0,0,0,0,0,0,0,0,0,0,0,0,0,0,0,0,0,0,0,0.0035085,0.10303,0.16491,0.18751,0.14604,0.17644,0.22183,0.50109,0.44693,0.4781,0.52651,0.45448,0.57436,0.5966,0.55949,0.62197,0.6362,0.68192,0.74799,0.59147,0.51992,0.6104,0.59955,0.6396,0.63358,0.60286,0.56487,0.65344,0.65391,0.69345,0.68553,0.69498,0.65094,0.81922,0.70751,0.63423,0.61306,0.62651,0.6574,0.55027,0.57516,0.53872,0.55712,0.59702,0.52093,0.58873,0.60908,0.59594,0.65732,0.65615,0.71188,0.71357,0.75278,0.73744,0.73328,0.6812,0.66468
0,0,0,0,0,0,0,0,0,0,0,0,0,0,0,0,0,0,0,0,0,0,0,0,0,0,0,0,0,0,0,0,0,0,0,0,0,0,0,0,0,0,0,0,-0.03531,-0.10358,-0.17434,-0.050568,-0.035835,-0.048198,-0.32438,-0.24957,-0.19051,-0.22371,-0.13972,-0.23402,-0.24121,-0.19252,-0.22565,-0.22549,-0.24801,-0.28164,-0.14338,-0.045164,-0.1384,-0.10709,-0.10027,-0.15226,-0.19171,-0.17517,-0.26845,-0.29993,-0.28623,-0.28364,-0.27766,-0.041616,-0.10293,-0.024804,0.027264,0.0064727,-0.011032,-0.0062365,0.10182,0.076569,0.23824,0.248,0.19127,0.26129,0.17908,0.044583,0.022007,-0.072659,-0.067292,-0.12643,-0.14553,-0.18874,-0.16651,-0.17242,-0.12427,-0.11208
0,0,0,0,0,0,0,0,0,0,0,0,0,0,0,0,0,0,0,0,0,0,0,0,0,0,0,0,0,0,0,0,0,0,0,0,0,0,0,0,0,0,0,0,0,0.023667,0.099408,-0.23376,-0.2765,-0.2749,-0.19938,-0.26238,-0.52123,-0.51648,-0.5895,-0.6101,-0.62025,-0.71682,-0.72558,-0.73152,-0.75588,-0.77495,-0.89247,-0.97724,-0.89718,-0.93375,-0.98353,-0.82708,-0.73327,-0.73518,-0.70654,-0.66027,-0.79115,-0.78859,-0.80148,-1.1489,-1.2318,-1.2759,-1.2929,-1.2558,-1.2454,-1.2894,-1.4256,-1.411,-1.5872,-1.628,-1.5862,-1.6694,-1.608,-1.4444,-1.3822,-1.3282,-1.3481,-1.3097,-1.2892,-1.2742,-1.2821,-1.246,-1.2779,-1.2856
0,0,0,0,0,0,0,0,0,0,0,0,0,0,0,0,0,0,0,0,0,0,0,0,0,0,0,0,0,0,0,0,0,0,0,0,0,0,0,0,0,0,0,0,0,0,-0.026879,0.32715,0.4406,0.45464,0.47532,0.49092,0.77248,0.81846,0.85027,0.91614,0.9446,1.025,1.1245,1.1334,1.1734,1.2522,1.2737,1.3436,1.3068,1.3386,1.4102,1.24,1.045,1.033,1.0429,1.0124,1.1903,1.1759,1.1898,1.5426,1.7855,1.7659,1.7362,1.699,1.6956,1.7619,1.8453,1.8442,1.9545,2.0014,2.01,2.0574,2.0239,1.9038,1.8369,1.8894,1.9084,1.8888,1.8751,1.8687,1.8473,1.8103,1.8392,1.8392
0,0,0,0,0,0,0,0,0,0,0,0,0,0,0,0,0,0,0,0,0,0,0,0,0,0,0,0,0,0,0,0,0,0,0,0,0,0,0,0,0,0,0,0,0,0,0,-0.12661,-0.24745,-0.30343,-0.40396,-0.40446,-0.47926,-0.53656,-0.51245,-0.59672,-0.62833,-0.61896,-0.73775,-0.75644,-0.79386,-0.88592,-0.76414,-0.77317,-0.81831,-0.83382,-0.90136,-0.82098,-0.63846,-0.59845,-0.63926,-0.62304,-0.72847,-0.71033,-0.72905,-0.9656,-1.2523,-1.1579,-1.0893,-1.0438,-1.0467,-1.1038,-1.0512,-1.067,-1.1046,-1.1356,-1.1678,-1.1331,-1.1485,-1.0773,-1.0344,-1.1169,-1.1205,-1.1389,-1.1285,-1.1419,-1.1166,-1.1105,-1.1065,-1.0876
0,0,0,0,0,0,0,0,0,0,0,0,0,0,0,0,0,0,0,0,0,0,0,0,0,0,0,0,0,0,0,0,0,0,0,0,0,0,0,0,0,0,0,0,0,0,0,0,0.043363,0.10377,0.40682,0.38565,0.34033,0.35635,0.31288,0.47642,0.49728,0.45144,0.50252,0.51834,0.56643,0.63021,0.4686,0.38819,0.48887,0.47611,0.51414,0.48948,0.43556,0.39018,0.49857,0.50024,0.54962,0.54046,0.55316,0.56536,0.77166,0.65922,0.58058,0.55047,0.56461,0.59564,0.48772,0.51532,0.44078,0.45033,0.4883,0.42176,0.49223,0.5137,0.49885,0.57772,0.57594,0.63921,0.64156,0.7017,0.68129,0.68446,0.63173,0.60894
0,0,0,0,0,0,0,0,0,0,0,0,0,0,0,0,0,0,0,0,0,0,0,0,0,0,0,0,0,0,0,0,0,0,0,0,0,0,0,0,0,0,0,0,0,0,0,0,0,-0.021211,-0.34412,-0.26453,-0.15058,-0.13802,-0.12487,-0.28193,-0.29415,-0.23146,-0.24548,-0.24438,-0.27238,-0.30773,-0.17658,-0.072367,-0.17669,-0.14164,-0.13096,-0.17165,-0.18468,-0.16282,-0.27613,-0.31418,-0.29614,-0.29294,-0.28746,-0.062901,-0.15592,-0.069339,-0.0020598,-0.012664,-0.032144,-0.029305,0.08213,0.057253,0.23493,0.25464,0.19735,0.26298,0.18154,0.045342,0.019509,-0.090812,-0.083305,-0.15236,-0.1734,-0.23471,-0.20774,-0.22324,-0.16639,-0.15765
0,0,0,0,0,0,0,0,0,0,0,0,0,0,0,0,0,0,0,0,0,0,0,0,0,0,0,0,0,0,0,0,0,0,0,0,0,0,0,0,0,0,0,0,0,0,0,0,0,0,0.11465,0.029532,-0.25323,-0.27718,-0.26003,-0.21598,-0.21067,-0.33937,-0.36782,-0.37583,-0.40034,-0.41157,-0.53517,-0.61597,-0.52651,-0.56757,-0.62398,-0.46126,-0.38335,-0.39061,-0.34716,-0.29377,-0.45177,-0.44871,-0.46204,-0.83362,-0.89955,-0.9563,-0.98948,-0.96077,-0.94721,-0.98861,-1.1379,-1.1232,-1.297,-1.3419,-1.2976,-1.3779,-1.3236,-1.163,-1.0964,-1.0236,-1.0468,-0.99997,-0.97591,-0.95379,-0.96515,-0.91215,-0.94982,-0.95352
0,0,0,0,0,0,0,0,0,0,0,0,0,0,0,0,0,0,0,0,0,0,0,0,0,0,0,0,0,0,0,0,0,0,0,0,0,0,0,0,0,0,0,0,0,0,0,0,0,0,0,0.029764,0.328,0.3777,0.35561,0.36274,0.36186,0.4869,0.6118,0.6232,0.66562,0.73796,0.77906,0.84844,0.81047,0.84656,0.92639,0.74362,0.53926,0.52946,0.52443,0.48844,0.69709,0.68037,0.6955,1.0743,1.3133,1.3065,1.2809,1.2476,1.2395,1.3061,1.4168,1.4147,1.5267,1.5722,1.5791,1.6264,1.6083,1.5009,1.4327,1.4654,1.4904,1.4675,1.4503,1.4444,1.4226,1.3705,1.3992,1.3925
0,0,0,0,0,0,0,0,0,0,0,0,0,0,0,0,0,0,0,0,0,0,0,0,0,0,0,0,0,0,0,0,0,0,0,0,0,0,0,0,0,0,0,0,0,0,0,0,0,0,0,0,-0.10689,-0.15871,-0.13318,-0.18673,-0.1831,-0.21653,-0.35211,-0.37606,-0.41784,-0.50339,-0.39185,-0.40783,-0.45926,-0.47575,-0.55056,-0.46398,-0.26355,-0.21955,-0.25472,-0.23332,-0.36388,-0.34335,-0.36555,-0.61259,-0.89226,-0.80522,-0.73424,-0.68371,-0.68276,-0.74843,-0.73049,-0.74462,-0.79109,-0.82138,-0.85304,-0.82042,-0.85285,-0.80886,-0.77068,-0.84343,-0.85418,-0.87359,-0.8612,-0.87854,-0.84916,-0.83617,-0.82984,-0.79702
0,0,0,0,0,0,0,0,0,0,0,0,0,0,0,0,0,0,0,0,0,0,0,0,0,0,0,0,0,0,0,0,0,0,0,0,0,0,0,0,0,0,0,0,0,0,0,0,0,0,0,0,0,0.01878,-0.0056364,0.16723,0.16711,0.15775,0.1943,0.21747,0.28087,0.34205,0.18644,0.11085,0.21193,0.19764,0.23631,0.20346,0.14155,0.090395,0.20976,0.20985,0.28255,0.27136,0.28757,0.30956,0.50903,0.40264,0.32509,0.28645,0.30126,0.34308,0.26694,0.29378,0.23451,0.24533,0.28383,0.21972,0.29665,0.34847,0.34675,0.42273,0.42464,0.4903,0.49166,0.55959,0.53409,0.53668,0.47807,0.44213
0,0,0,0,0,0,0,0,0,0,0,0,0,0,0,0,0,0,0,0,0,0,0,0,0,0,0,0,0,0,0,0,0,0,0,0,0,0,0,0,0,0,0,0,0,0,0,0,0,0,0,0,0,0,0.0092538,-0.17565,-0.18772,-0.14375,-0.12413,-0.13007,-0.18606,-0.23594,-0.10334,-0.003408,-0.094711,-0.060611,-0.047028,-0.079459,-0.081841,-0.056452,-0.18547,-0.22831,-0.2183,-0.21304,-0.21063,0.0058218,-0.092405,-0.0092658,0.054102,0.04674,0.024605,0.022331,0.11748,0.090043,0.25623,0.27299,0.21263,0.2777,0.19922,0.052122,0.010546,-0.096844,-0.089293,-0.15889,-0.17922,-0.25856,-0.22726,-0.2461,-0.179,-0.16338
0,0,0,0,0,0,0,0,0,0,0,0,0,0,0,0,0,0,0,0,0,0,0,0,0,0,0,0,0,0,0,0,0,0,0,0,0,0,0,0,0,0,0,0,0,0,0,0,0,0,0,0,0,0,0,0.065392,0.079167,-0.05555,-0.10751,-0.10948,-0.09603,-0.065112,-0.22691,-0.3064,-0.23664,-0.27277,-0.32674,-0.15763,-0.091952,-0.10273,-0.050432,0.010068,-0.16659,-0.16434,-0.17405,-0.53587,-0.58875,-0.65111,-0.67794,-0.64985,-0.63563,-0.67532,-0.84223,-0.82387,-1.0074,-1.05,-0.99817,-1.0828,-1.0302,-0.87559,-0.80278,-0.73097,-0.75736,-0.71522,-0.69173,-0.64682,-0.66373,-0.6038,-0.65121,-0.65711
0,0,0,0,0,0,0,0,0,0,0,0,0,0,0,0,0,0,0,0,0,0,0,0,0,0,0,0,0,0,0,0,0,0,0,0,0,0,0,0,0,0,0,0,0,0,0,0,0,0,0,0,0,0,0,0,-0.0047104,0.13918,0.27129,0.2795,0.28183,0.27688,0.40715,0.49442,0.47479,0.50455,0.57541,0.389,0.17509,0.16718,0.1543,0.11278,0.35061,0.33258,0.34578,0.70274,0.91304,0.91833,0.88386,0.84852,0.84111,0.90578,1.0483,1.044,1.1762,1.2239,1.2201,1.2795,1.2597,1.1548,1.0883,1.12,1.1504,1.14,1.1243,1.106,1.0907,1.0232,1.0572,1.0491
0,0,0,0,0,0,0,0,0,0,0,0,0,0,0,0,0,0,0,0,0,0,0,0,0,0,0,0,0,0,0,0,0,0,0,0,0,0,0,0,0,0,0,0,0,0,0,0,0,0,0,0,0,0,0,0,0,-0.050995,-0.19027,-0.2151,-0.23405,-0.22869,-0.25656,-0.32384,-0.38713,-0.39807,-0.46188,-0.39643,-0.18533,-0.13784,-0.16888,-0.1425,-0.29553,-0.27278,-0.29593,-0.52197,-0.76224,-0.69234,-0.61693,-0.55831,-0.55949,-0.62238,-0.6175,-0.63026,-0.69405,-0.7288,-0.7498,-0.73373,-0.76117,-0.71238,-0.67435,-0.74618,-0.76024,-0.7943,-0.78545,-0.80311,-0.77753,-0.74444,-0.74047,-0.70206
0,0,0,0,0,0,0,0,0,0,0,0,0,0,0,0,0,0,0,0,0,0,0,0,0,0,0,0,0,0,0,0,0,0,0,0,0,0,0,0,0,0,0,0,0,0,0,0,0,0,0,0,0,0,0,0,0,0,0.049718,0.076168,0.14159,0.14925,0.14749,0.16243,0.24775,0.23091,0.26056,0.25767,0.21592,0.16279,0.29213,0.291,0.38274,0.36968,0.38772,0.39251,0.57176,0.48349,0.40833,0.36071,0.37938,0.41745,0.34249,0.36817,0.32329,0.33801,0.37047,0.32045,0.39261,0.43292,0.42924,0.50579,0.50823,0.57962,0.58492,0.66535,0.64136,0.63295,0.57615,0.52769
0,0,0,0,0,0,0,0,0,0,0,0,0,0,0,0,0,0,0,0,0,0,0,0,0,0,0,0,0,0,0,0,0,0,0,0,0,0,0,0,0,0,0,0,0,0,0,0,0,0,0,0,0,0,0,0,0,0,0,-0.009358,-0.079455,-0.12928,-0.086349,-0.089592,-0.11494,-0.089565,-0.074512,-0.13421,-0.16894,-0.14969,-0.28565,-0.33313,-0.32752,-0.32043,-0.31897,-0.080954,-0.17864,-0.1032,-0.042663,-0.041531,-0.066563,-0.065773,0.040601,0.014291,0.17134,0.18467,0.11919,0.1779,0.096609,-0.038883,-0.077179,-0.18813,-0.18077,-0.2487,-0.27038,-0.37064,-0.34045,-0.36022,-0.29503,-0.26429
0,0,0,0,0,0,0,0,0,0,0,0,0,0,0,0,0,0,0,0,0,0,0,0,0,0,0,0,0,0,0,0,0,0,0,0,0,0,0,0,0,0,0,0,0,0,0,0,0,0,0,0,0,0,0,0,0,0,0,0,0.024631,0.079078,-0.084176,-0.10299,-0.12239,-0.13033,-0.16247,0.044559,0.14043,0.13865,0.17677,0.2388,0.042821,0.044466,0.035802,-0.35702,-0.40944,-0.47467,-0.50021,-0.48147,-0.46599,-0.50441,-0.70329,-0.68605,-0.86247,-0.90265,-0.84091,-0.93388,-0.87446,-0.71722,-0.64636,-0.56182,-0.5882,-0.54637,-0.52349,-0.46485,-0.48208,-0.41049,-0.45316,-0.46677
0,0,0,0,0,0,0,0,0,0,0,0,0,0,0,0,0,0,0,0,0,0,0,0,0,0,0,0,0,0,0,0,0,0,0,0,0,0,0,0,0,0,0,0,0,0,0,0,0,0,0,0,0,0,0,0,0,0,0,0,0,-0.018721,0.15643,0.24159,0.2779,0.27083,0.28191,0.062353,-0.20078,-0.2173,-0.20835,-0.24249,0.004018,-0.015612,-0.0033739,0.38058,0.59384,0.60479,0.56554,0.53417,0.52543,0.58308,0.75761,0.75362,0.8813,0.92683,0.91883,0.99286,0.96724,0.85057,0.77844,0.78913,0.82127,0.80924,0.79354,0.77115,0.75784,0.67152,0.69461,0.6848
0,0,0,0,0,0,0,0,0,0,0,0,0,0,0,0,0,0,0,0,0,0,0,0,0,0,0,0,0,0,0,0,0,0,0,0,0,0,0,0,0,0,0,0,0,0,0,0,0,0,0,0,0,0,0,0,0,0,0,0,0,0,-0.061118,-0.15341,-0.22534,-0.21351,-0.20153,-0.13997,0.12871,0.18818,0.13562,0.15183,0.025183,0.048498,0.023802,-0.19644,-0.43069,-0.36565,-0.28332,-0.22002,-0.2208,-0.27576,-0.29932,-0.3108,-0.37959,-0.41219,-0.43209,-0.42303,-0.44525,-0.38351,-0.33626,-0.38984,-0.40853,-0.43876,-0.42916,-0.44254,-0.41913,-0.37284,-0.35632,-0.30681
0,0,0,0,0,0,0,0,0,0,0,0,0,0,0,0,0,0,0,0,0,0,0,0,0,0,0,0,0,0,0,0,0,0,0,0,0,0,0,0,0,0,0,0,0,0,0,0,0,0,0,0,0,0,0,0,0,0,0,0,0,0,0,0.032083,0.10696,0.087124,0.070286,0.096251,0.023894,-0.039241,0.12301,0.13169,0.18514,0.17487,0.19473,0.1866,0.3442,0.26372,0.18445,0.12943,0.15038,0.18438,0.14231,0.16458,0.13453,0.1491,0.18506,0.13833,0.20654,0.23385,0.22363,0.29282,0.30224,0.37023,0.37373,0.45004,0.42737,0.4136,0.35183,0.28612
0,0,0,0,0,0,0,0,0,0,0,0,0,0,0,0,0,0,0,0,0,0,0,0,0,0,0,0,0,0,0,0,0,0,0,0,0,0,0,0,0,0,0,0,0,0,0,0,0,0,0,0,0,0,0,0,0,0,0,0,0,0,0,0,-0.027311,-0.00718,0.013515,-0.068337,-0.0967,-0.079429,-0.24818,-0.30749,-0.26397,-0.26068,-0.25791,-0.042376,-0.12935,-0.06454,-0.0025983,0.0034238,-0.024887,-0.021458,0.069996,0.047577,0.17801,0.18863,0.11149,0.17328,0.096004,-0.030571,-0.064129,-0.18543,-0.18352,-0.2556,-0.27506,-0.37748,-0.34743,-0.36221,-0.2981,-0.25546
0,0,0,0,0,0,0,0,0,0,0,0,0,0,0,0,0,0,0,0,0,0,0,0,0,0,0,0,0,0,0,0,0,0,0,0,0,0,0,0,0,0,0,0,0,0,0,0,0,0,0,0,0,0,0,0,0,0,0,0,0,0,0,0,0,-0.0074115,-0.027609,0.18965,0.28749,0.29566,0.34158,0.40852,0.16405,0.16931,0.15823,-0.18616,-0.22304,-0.2868,-0.30786,-0.29419,-0.27666,-0.31785,-0.53348,-0.51823,-0.66425,-0.69815,-0.62558,-0.73383,-0.6786,-0.5292,-0.46185,-0.36054,-0.38701,-0.33674,-0.31391,-0.24287,-0.26294,-0.19531,-0.23838,-0.25654
0,0,0,0,0,0,0,0,0,0,0,0,0,0,0,0,0,0,0,0,0,0,0,0,0,0,0,0,0,0,0,0,0,0,0,0,0,0,0,0,0,0,0,0,0,0,0,0,0,0,0,0,0,0,0,0,0,0,0,0,0,0,0,0,0,0,0.0077134,-0.22128,-0.49574,-0.52014,-0.49981,-0.51928,-0.24693,-0.27125,-0.25647,0.074503,0.26037,0.28009,0.23233,0.20456,0.1945,0.25347,0.4555,0.45225,0.56502,0.60288,0.58651,0.67665,0.65179,0.54155,0.47243,0.47664,0.51156,0.49219,0.47467,0.43027,0.42283,0.3343,0.35954,0.35343
0,0,0,0,0,0,0,0,0,0,0,0,0,0,0,0,0,0,0,0,0,0,0,0,0,0,0,0,0,0,0,0,0,0,0,0,0,0,0,0,0,0,0,0,0,0,0,0,0,0,0,0,0,0,0,0,0,0,0,0,0,0,0,0,0,0,0,0.081443,0.37233,0.43591,0.37079,0.36116,0.28103,0.3074,0.27684,0.1026,-0.099922,-0.043804,0.037216,0.10445,0.10322,0.049084,0.0064201,-0.0055754,-0.073735,-0.102,-0.1118,-0.11764,-0.13534,-0.071179,-0.02718,-0.079142,-0.099067,-0.12313,-0.11089,-0.10555,-0.087593,-0.029939,-0.018313,0.02875
0,0,0,0,0,0,0,0,0,0,0,0,0,0,0,0,0,0,0,0,0,0,0,0,0,0,0,0,0,0,0,0,0,0,0,0,0,0,0,0,0,0,0,0,0,0,0,0,0,0,0,0,0,0,0,0,0,0,0,0,0,0,0,0,0,0,0,0,-0.10325,-0.16997,0.0031794,0.029656,-0.0064492,-0.013809,0.015525,0.0036083,0.13401,0.062141,-0.0011529,-0.060191,-0.036297,-0.0069651,-0.031207,-0.0089023,-0.0366,-0.023246,0.0082268,-0.020589,0.036758,0.051855,0.042769,0.1173,0.12715,0.19107,0.19177,0.26673,0.2464,0.21341,0.15762,0.089807
0,0,0,0,0,0,0,0,0,0,0,0,0,0,0,0,0,0,0,0,0,0,0,0,0,0,0,0,0,0,0,0,0,0,0,0,0,0,0,0,0,0,0,0,0,0,0,0,0,0,0,0,0,0,0,0,0,0,0,0,0,0,0,0,0,0,0,0,0,0.02369,-0.15779,-0.22234,-0.116,-0.1193,-0.12702,-0.031721,-0.12842,-0.069696,-0.02791,-0.026535,-0.055689,-0.047166,0.035924,0.014397,0.14211,0.15299,0.070197,0.12353,0.059344,-0.044083,-0.07392,-0.21396,-0.21015,-0.27924,-0.29696,-0.40709,-0.37429,-0.37268,-0.3083,-0.25707
0,0,0,0,0,0,0,0,0,0,0,0,0,0,0,0,0,0,0,0,0,0,0,0,0,0,0,0,0,0,0,0,0,0,0,0,0,0,0,0,0,0,0,0,0,0,0,0,0,0,0,0,0,0,0,0,0,0,0,0,0,0,0,0,0,0,0,0,0,0,0.064257,0.13163,-0.13262,-0.12251,-0.12432,-0.16049,-0.10752,-0.18254,-0.18551,-0.16498,-0.15165,-0.19102,-0.4257,-0.41265,-0.55031,-0.58368,-0.50315,-0.61869,-0.57091,-0.4486,-0.3906,-0.27028,-0.30194,-0.25403,-0.23235,-0.15848,-0.18371,-0.11794,-0.16671,-0.19982
0,0,0,0,0,0,0,0,0,0,0,0,0,0,0,0,0,0,0,0,0,0,0,0,0,0,0,0,0,0,0,0,0,0,0,0,0,0,0,0,0,0,0,0,0,0,0,0,0,0,0,0,0,0,0,0,0,0,0,0,0,0,0,0,0,0,0,0,0,0,0,-0.024022,0.2517,0.22516,0.23531,0.183,0.18199,0.24139,0.17887,0.14481,0.14043,0.18973,0.40609,0.40441,0.50165,0.53737,0.51668,0.61775,0.59532,0.49988,0.44124,0.42713,0.4657,0.44544,0.42828,0.38472,0.38013,0.28528,0.31842,0.32554
0,0,0,0,0,0,0,0,0,0,0,0,0,0,0,0,0,0,0,0,0,0,0,0,0,0,0,0,0,0,0,0,0,0,0,0,0,0,0,0,0,0,0,0,0,0,0,0,0,0,0,0,0,0,0,0,0,0,0,0,0,0,0,0,0,0,0,0,0,0,0,0,-0.098102,-0.070182,-0.10219,-0.042945,-0.031575,-0.041889,0.035316,0.11733,0.11099,0.070003,0.048617,0.037772,-0.024229,-0.048588,-0.053115,-0.065016,-0.083391,-0.022132,0.015915,-0.013888,-0.035124,-0.053917,-0.040177,-0.041687,-0.025053,0.035396,0.03908,0.083703
0,0,0,0,0,0,0,0,0,0,0,0,0,0,0,0,0,0,0,0,0,0,0,0,0,0,0,0,0,0,0,0,0,0,0,0,0,0,0,0,0,0,0,0,0,0,0,0,0,0,0,0,0,0,0,0,0,0,0,0,0,0,0,0,0,0,0,0,0,0,0,0,0,-0.0099287,0.024104,-0.015763,-0.008845,-0.0095649,-0.03504,-0.11626,-0.086219,-0.069457,-0.12309,-0.10417,-0.12174,-0.11038,-0.082591,-0.10346,-0.047016,-0.03283,-0.038944,0.025971,0.037749,0.091374,0.08941,0.17854,0.15716,0.12428,0.073199,0.0015798
0,0,0,0,0,0,0,0,0,0,0,0,0,0,0,0,0,0,0,0,0,0,0,0,0,0,0,0,0,0,0,0,0,0,0,0,0,0,0,0,0,0,0,0,0,0,0,0,0,0,0,0,0,0,0,0,0,0,0,0,0,0,0,0,0,0,0,0,0,0,0,0,0,0,-0.011983,0.022801,-0.063998,-0.046064,-0.057305,-0.036336,-0.069363,-0.054652,0.053191,0.036151,0.14748,0.15628,0.067377,0.11394,0.053365,-0.047086,-0.078533,-0.22872,-0.22548,-0.28287,-0.29673,-0.41522,-0.37736,-0.38106,-0.31973,-0.26676
0,0,0,0,0,0,0,0,0,0,0,0,0,0,0,0,0,0,0,0,0,0,0,0,0,0,0,0,0,0,0,0,0,0,0,0,0,0,0,0,0,0,0,0,0,0,0,0,0,0,0,0,0,0,0,0,0,0,0,0,0,0,0,0,0,0,0,0,0,0,0,0,0,0,0,-0.015076,0.080608,0.0065935,0.03786,0.044751,0.054417,0.027131,-0.25813,-0.24944,-0.36605,-0.39491,-0.30946,-0.43222,-0.39123,-0.2769,-0.21918,-0.084627,-0.11958,-0.078063,-0.060794,0.014155,-0.016352,0.061188,0.013397,-0.019508
0,0,0,0,0,0,0,0,0,0,0,0,0,0,0,0,0,0,0,0,0,0,0,0,0,0,0,0,0,0,0,0,0,0,0,0,0,0,0,0,0,0,0,0,0,0,0,0,0,0,0,0,0,0,0,0,0,0,0,0,0,0,0,0,0,0,0,0,0,0,0,0,0,0,0,0,-0.03198,0.047771,-0.024009,-0.052563,-0.048788,-0.037635,0.24922,0.2489,0.32505,0.35441,0.34193,0.45087,0.43222,0.34985,0.29321,0.27207,0.31478,0.29633,0.28139,0.2343,0.2349,0.13262,0.16976,0.17266
0,0,0,0,0,0,0,0,0,0,0,0,0,0,0,0,0,0,0,0,0,0,0,0,0,0,0,0,0,0,0,0,0,0,0,0,0,0,0,0,0,0,0,0,0,0,0,0,0,0,0,0,0,0,0,0,0,0,0,0,0,0,0,0,0,0,0,0,0,0,0,0,0,0,0,0,0,-0.027671,0.047201,0.13349,0.12105,0.12796,0.052546,0.047969,-0.016497,-0.034603,-0.050846,-0.054144,-0.069239,-0.013139,0.019899,-0.0014129,-0.024499,-0.043525,-0.029625,-0.029786,-0.019508,0.043068,0.039546,0.093066
0,0,0,0,0,0,0,0,0,0,0,0,0,0,0,0,0,0,0,0,0,0,0,0,0,0,0,0,0,0,0,0,0,0,0,0,0,0,0,0,0,0,0,0,0,0,0,0,0,0,0,0,0,0,0,0,0,0,0,0,0,0,0,0,0,0,0,0,0,0,0,0,0,0,0,0,0,0,-0.026958,-0.11883,-0.085874,-0.099185,-0.12287,-0.12004,-0.084368,-0.073291,-0.035478,-0.069353,-0.020669,-0.013832,-0.015763,0.041546,0.054743,0.10776,0.10497,0.20294,0.18459,0.1475,0.10708,0.03042
0,0,0,0,0,0,0,0,0,0,0,0,0,0,0,0,0,0,0,0,0,0,0,0,0,0,0,0,0,0,0,0,0,0,0,0,0,0,0,0,0,0,0,0,0,0,0,0,0,0,0,0,0,0,0,0,0,0,0,0,0,0,0,0,0,0,0,0,0,0,0,0,0,0,0,0,0,0,0,0.032484,-0.0022995,0.018593,0.11841,0.12063,0.12155,0.11806,0.011011,0.068493,0.018876,-0.069177,-0.098288,-0.25728,-0.25425,-0.30933,-0.3226,-0.45239,-0.41223,-0.41441,-0.36529,-0.31216
0,0,0,0,0,0,0,0,0,0,0,0,0,0,0,0,0,0,0,0,0,0,0,0,0,0,0,0,0,0,0,0,0,0,0,0,0,0,0,0,0,0,0,0,0,0,0,0,0,0,0,0,0,0,0,0,0,0,0,0,0,0,0,0,0,0,0,0,0,0,0,0,0,0,0,0,0,0,0,0,0.012399,-0.0087478,-0.31035,-0.31353,-0.30554,-0.30743,-0.19849,-0.34551,-0.31503,-0.21814,-0.16915,-0.025894,-0.064452,-0.028224,-0.012057,0.068055,0.033882,0.11896,0.077375,0.043099
0,0,0,0,0,0,0,0,0,0,0,0,0,0,0,0,0,0,0,0,0,0,0,0,0,0,0,0,0,0,0,0,0,0,0,0,0,0,0,0,0,0,0,0,0,0,0,0,0,0,0,0,0,0,0,0,0,0,0,0,0,0,0,0,0,0,0,0,0,0,0,0,0,0,0,0,0,0,0,0,0,0.0079335,0.32921,0.33107,0.33306,0.33134,0.30339,0.44927,0.43084,0.36535,0.32109,0.31261,0.35711,0.34176,0.32872,0.27804,0.2805,0.16879,0.20632,0.20925
0,0,0,0,0,0,0,0,0,0,0,0,0,0,0,0,0,0,0,0,0,0,0,0,0,0,0,0,0,0,0,0,0,0,0,0,0,0,0,0,0,0,0,0,0,0,0,0,0,0,0,0,0,0,0,0,0,0,0,0,0,0,0,0,0,0,0,0,0,0,0,0,0,0,0,0,0,0,0,0,0,0,-0.11364,-0.11515,-0.16966,-0.16918,-0.17989,-0.21529,-0.2096,-0.14926,-0.128,-0.16659,-0.18391,-0.19985,-0.18627,-0.18825,-0.18002,-0.11338,-0.1194,-0.060145
0,0,0,0,0,0,0,0,0,0,0,0,0,0,0,0,0,0,0,0,0,0,0,0,0,0,0,0,0,0,0,0,0,0,0,0,0,0,0,0,0,0,0,0,0,0,0,0,0,0,0,0,0,0,0,0,0,0,0,0,0,0,0,0,0,0,0,0,0,0,0,0,0,0,0,0,0,0,0,0,0,0,0,0.00071245,0.062198,0.070861,0.10943,0.095318,0.098684,0.060967,0.0627,0.13353,0.138,0.18388,0.17965,0.29023,0.2737,0.23371,0.19514,0.11206
0,0,0,0,0,0,0,0,0,0,0,0,0,0,0,0,0,0,0,0,0,0,0,0,0,0,0,0,0,0,0,0,0,0,0,0,0,0,0,0,0,0,0,0,0,0,0,0,0,0,0,0,0,0,0,0,0,0,0,0,0,0,0,0,0,0,0,0,0,0,0,0,0,0,0,0,0,0,0,0,0,0,0,0,-0.020753,-0.030528,-0.14386,-0.092458,-0.089743,-0.0893,-0.10294,-0.29306,-0.28251,-0.32743,-0.3395,-0.47366,-0.43097,-0.43469,-0.38858,-0.33311
0,0,0,0,0,0,0,0,0,0,0,0,0,0,0,0,0,0,0,0,0,0,0,0,0,0,0,0,0,0,0,0,0,0,0,0,0,0,0,0,0,0,0,0,0,0,0,0,0,0,0,0,0,0,0,0,0,0,0,0,0,0,0,0,0,0,0,0,0,0,0,0,0,0,0,0,0,0,0,0,0,0,0,0,0,0.0032008,0.12383,-0.031121,-0.031892,-0.033992,-0.025585,0.16467,0.11719,0.14336,0.15795,0.21891,0.18199,0.27762,0.24137,0.20552
0,0,0,0,0,0,0,0,0,0,0,0,0,0,0,0,0,0,0,0,0,0,0,0,0,0,0,0,0,0,0,0,0,0,0,0,0,0,0,0,0,0,0,0,0,0,0,0,0,0,0,0,0,0,0,0,0,0,0,0,0,0,0,0,0,0,0,0,0,0,0,0,0,0,0,0,0,0,0,0,0,0,0,0,0,0,-0.04272,0.12241,0.10798,0.099829,0.10423,0.057426,0.10885,0.094242,0.082965,0.060377,0.059906,-0.05521,-0.018684,-0.017853
0,0,0,0,0,0,0,0,0,0,0,0,0,0,0,0,0,0,0,0,0,0,0,0,0,0,0,0,0,0,0,0,0,0,0,0,0,0,0,0,0,0,0,0,0,0,0,0,0,0,0,0,0,0,0,0,0,0,0,0,0,0,0,0,0,0,0,0,0,0,0,0,0,0,0,0,0,0,0,0,0,0,0,0,0,0,0,-0.058375,-0.042119,0.013343,0.0057413,-0.011428,-0.025561,-0.022541,-0.0071828,-0.034051,-0.021321,0.029141,0.0189,0.086781
0,0,0,0,0,0,0,0,0,0,0,0,0,0,0,0,0,0,0,0,0,0,0,0,0,0,0,0,0,0,0,0,0,0,0,0,0,0,0,0,0,0,0,0,0,0,0,0,0,0,0,0,0,0,0,0,0,0,0,0,0,0,0,0,0,0,0,0,0,0,0,0,0,0,0,0,0,0,0,0,0,0,0,0,0,0,0,0,-0.0053072,-0.066356,-0.06093,0.0040604,-0.0018058,0.0022658,-0.010088,0.12735,0.10732,0.090455,0.05565,-0.029916
0,0,0,0,0,0,0,0,0,0,0,0,0,0,0,0,0,0,0,0,0,0,0,0,0,0,0,0,0,0,0,0,0,0,0,0,0,0,0,0,0,0,0,0,0,0,0,0,0,0,0,0,0,0,0,0,0,0,0,0,0,0,0,0,0,0,0,0,0,0,0,0,0,0,0,0,0,0,0,0,0,0,0,0,0,0,0,0,0,0.02086,0.016188,-0.18369,-0.16526,-0.16242,-0.1607,-0.31056,-0.25967,-0.28351,-0.24201,-0.19896
0,0,0,0,0,0,0,0,0,0,0,0,0,0,0,0,0,0,0,0,0,0,0,0,0,0,0,0,0,0,0,0,0,0,0,0,0,0,0,0,0,0,0,0,0,0,0,0,0,0,0,0,0,0,0,0,0,0,0,0,0,0,0,0,0,0,0,0,0,0,0,0,0,0,0,0,0,0,0,0,0,0,0,0,0,0,0,0,0,0,0.0020732,0.21614,0.1653,0.16375,0.16411,0.20554,0.15523,0.27271,0.24133,0.22312
0,0,0,0,0,0,0,0,0,0,0,0,0,0,0,0,0,0,0,0,0,0,0,0,0,0,0,0,0,0,0,0,0,0,0,0,0,0,0,0,0,0,0,0,0,0,0,0,0,0,0,0,0,0,0,0,0,0,0,0,0,0,0,0,0,0,0,0,0,0,0,0,0,0,0,0,0,0,0,0,0,0,0,0,0,0,0,0,0,0,0,-0.075817,-0.021628,-0.033708,-0.037228,-0.018588,-0.0067708,-0.135,-0.093449,-0.10801
0,0,0,0,0,0,0,0,0,0,0,0,0,0,0,0,0,0,0,0,0,0,0,0,0,0,0,0,0,0,0,0,0,0,0,0,0,0,0,0,0,0,0,0,0,0,0,0,0,0,0,0,0,0,0,0,0,0,0,0,0,0,0,0,0,0,0,0,0,0,0,0,0,0,0,0,0,0,0,0,0,0,0,0,0,0,0,0,0,0,0,0,-0.019354,-0.0055565,0.0097193,-0.045775,-0.040827,-0.0057164,-0.03893,0.04482
0,0,0,0,0,0,0,0,0,0,0,0,0,0,0,0,0,0,0,0,0,0,0,0,0,0,0,0,0,0,0,0,0,0,0,0,0,0,0,0,0,0,0,0,0,0,0,0,0,0,0,0,0,0,0,0,0,0,0,0,0,0,0,0,0,0,0,0,0,0,0,0,0,0,0,0,0,0,0,0,0,0,0,0,0,0,0,0,0,0,0,0,0,-0.004448,-0.02107,0.12628,0.10891,0.1254,0.1301,0.037555
0,0,0,0,0,0,0,0,0,0,0,0,0,0,0,0,0,0,0,0,0,0,0,0,0,0,0,0,0,0,0,0,0,0,0,0,0,0,0,0,0,0,0,0,0,0,0,0,0,0,0,0,0,0,0,0,0,0,0,0,0,0,0,0,0,0,0,0,0,0,0,0,0,0,0,0,0,0,0,0,0,0,0,0,0,0,0,0,0,0,0,0,0,0,0.0057782,-0.15043,-0.097263,-0.14503,-0.14462,-0.11887
0,0,0,0,0,0,0,0,0,0,0,0,0,0,0,0,0,0,0,0,0,0,0,0,0,0,0,0,0,0,0,0,0,0,0,0,0,0,0,0,0,0,0,0,0,0,0,0,0,0,0,0,0,0,0,0,0,0,0,0,0,0,0,0,0,0,0,0,0,0,0,0,0,0,0,0,0,0,0,0,0,0,0,0,0,0,0,0,0,0,0,0,0,0,0,0.055821,-0.001068,0.12535,0.1165,0.12934
0,0,0,0,0,0,0,0,0,0,0,0,0,0,0,0,0,0,0,0,0,0,0,0,0,0,0,0,0,0,0,0,0,0,0,0,0,0,0,0,0,0,0,0,0,0,0,0,0,0,0,0,0,0,0,0,0,0,0,0,0,0,0,0,0,0,0,0,0,0,0,0,0,0,0,0,0,0,0,0,0,0,0,0,0,0,0,0,0,0,0,0,0,0,0,0,0.020139,-0.11393,-0.072973,-0.10829
0,0,0,0,0,0,0,0,0,0,0,0,0,0,0,0,0,0,0,0,0,0,0,0,0,0,0,0,0,0,0,0,0,0,0,0,0,0,0,0,0,0,0,0,0,0,0,0,0,0,0,0,0,0,0,0,0,0,0,0,0,0,0,0,0,0,0,0,0,0,0,0,0,0,0,0,0,0,0,0,0,0,0,0,0,0,0,0,0,0,0,0,0,0,0,0,0,0.047919,0.0031018,0.093281
0,0,0,0,0,0,0,0,0,0,0,0,0,0,0,0,0,0,0,0,0,0,0,0,0,0,0,0,0,0,0,0,0,0,0,0,0,0,0,0,0,0,0,0,0,0,0,0,0,0,0,0,0,0,0,0,0,0,0,0,0,0,0,0,0,0,0,0,0,0,0,0,0,0,0,0,0,0,0,0,0,0,0,0,0,0,0,0,0,0,0,0,0,0,0,0,0,0,0.015587,-0.079777
0,0,0,0,0,0,0,0,0,0,0,0,0,0,0,0,0,0,0,0,0,0,0,0,0,0,0,0,0,0,0,0,0,0,0,0,0,0,0,0,0,0,0,0,0,0,0,0,0,0,0,0,0,0,0,0,0,0,0,0,0,0,0,0,0,0,0,0,0,0,0,0,0,0,0,0,0,0,0,0,0,0,0,0,0,0,0,0,0,0,0,0,0,0,0,0,0,0,0,0.034163
