-0.82326,-0.82358,-0.82178,-0.82201,-0.82267,-0.81759,-0.86738,-0.88159,-0.88258,-0.88279,-0.8853,-0.8868,-0.88705,-0.8873,-0.88578,-0.88466,-0.88437,-0.88562,-0.88641,-0.88637,-0.88572,-0.88584,-0.88587,-0.88868,-0.88745,-0.88626,-0.88529,-0.88515,-0.88547,-0.88509,-0.88391,-0.87608,-0.87557,-0.87396,-0.87237,-0.87001,-0.87173,-0.87154,-0.87413,-0.87461,-0.87502,-0.87528,-0.87444,-0.87227,-0.87549,-0.87461,-0.87583,-0.87503,-0.8735,-0.87247,-0.87045,-0.87253,-0.8718,-0.87014,-0.87034,-0.86936,-0.87158,-0.87195,-0.87121,-0.87039,-0.87036,-0.87111,-0.87262,-0.86647,-0.87593,-0.87063,-0.86984,-0.87136,-0.86849,-0.86917,-0.86885,-0.88354,-0.88556,-0.88329,-0.88369,-0.88246,-0.88186,-0.9258,-0.91279,-0.91538,-0.91603,-0.91704,-0.91824,-0.91725,-0.91721,-0.91759,-0.91956,-0.91952,-0.91867,-0.9168,-0.91845,-0.92032,-0.92047,-0.92094,-0.91917,-0.92061,-0.9213,-0.92172,-0.92151,-0.92253
0,0.00038982,-0.018452,-0.017905,-0.014908,-0.022697,0.01411,0.04447,0.048424,0.048191,0.050149,0.051471,0.053666,0.054616,0.052792,0.052456,0.051862,0.052423,0.053598,0.05457,0.053873,0.05321,0.054027,0.056925,0.054836,0.05682,0.056693,0.056194,0.056522,0.056291,0.058067,0.053993,0.052139,0.054652,0.05563,0.052087,0.053433,0.051182,0.053271,0.054312,0.056001,0.056516,0.054794,0.055887,0.056874,0.054015,0.054968,0.0531,0.05273,0.053342,0.053271,0.053997,0.05336,0.054764,0.052665,0.044685,0.045553,0.046122,0.044226,0.043715,0.043238,0.043642,0.045559,0.038089,0.042403,0.030777,0.031387,0.030277,0.026504,0.026235,0.022314,0.034478,0.037293,0.029936,0.0303,0.027302,0.030066,0.070817,0.042061,0.035734,0.035404,0.037979,0.039465,0.039135,0.03988,0.04432,0.045642,0.048494,0.046928,0.046534,0.045949,0.049747,0.047463,0.048618,0.045853,0.046873,0.049833,0.050493,0.051131,0.052653
0,0,0.021084,-0.060689,-0.062413,-0.027919,-0.01931,-0.032953,-0.039439,-0.039535,-0.034166,-0.033757,-0.036026,-0.038168,-0.036323,-0.036695,-0.036658,-0.036776,-0.037304,-0.03856,-0.037658,-0.03748,-0.036699,-0.038698,-0.038015,-0.042946,-0.042912,-0.042645,-0.041624,-0.040126,-0.043641,-0.044144,-0.041434,-0.042265,-0.045961,-0.044325,-0.042398,-0.044213,-0.042419,-0.042822,-0.045715,-0.045423,-0.043947,-0.047806,-0.047462,-0.046168,-0.044553,-0.045357,-0.047207,-0.048264,-0.04696,-0.046837,-0.047247,-0.054451,-0.052681,-0.049232,-0.046636,-0.046306,-0.044229,-0.045029,-0.044662,-0.043838,-0.043587,-0.040697,-0.036727,-0.033547,-0.037109,-0.03837,-0.038981,-0.037838,-0.039256,-0.0348,-0.03519,-0.02645,-0.023747,-0.022735,-0.012594,-0.016064,0.0017853,0.025692,0.025686,0.025531,0.021902,0.02102,0.019523,0.017603,0.017141,0.014344,0.020068,0.018209,0.020177,0.020156,0.021908,0.021317,0.025188,0.025323,0.023863,0.022461,0.021562,0.019055
0,0,0,0.098862,0.10058,0.078001,0.053146,0.052962,0.05583,0.056264,0.042281,0.039818,0.040359,0.041634,0.037525,0.037864,0.038847,0.039624,0.039326,0.03891,0.037851,0.038554,0.036657,0.035938,0.035684,0.037938,0.036719,0.0361,0.03556,0.035802,0.036815,0.035039,0.033217,0.033943,0.030436,0.025524,0.024601,0.026434,0.028048,0.027353,0.028531,0.02743,0.02563,0.02769,0.02998,0.028894,0.027429,0.031916,0.031603,0.030753,0.028442,0.027727,0.029889,0.031569,0.031165,0.030108,0.030367,0.029862,0.030792,0.032738,0.032368,0.0318,0.03253,0.033456,0.032612,0.035299,0.036165,0.045068,0.044062,0.044496,0.050998,0.053576,0.05147,0.048708,0.043099,0.049623,0.04763,0.039039,0.036946,0.023194,0.023248,0.023423,0.028653,0.027919,0.028995,0.031514,0.030517,0.031279,0.026682,0.033688,0.036152,0.035367,0.035623,0.036531,0.033209,0.032477,0.032189,0.032965,0.031529,0.03443
0,0,0,0,-0.0023684,-0.021171,-0.0086379,-0.0023211,-0.0011575,-0.0010561,0.020217,0.027285,0.02813,0.028644,0.031177,0.030852,0.02985,0.028143,0.028022,0.026678,0.02672,0.02615,0.028716,0.031169,0.031263,0.029886,0.029661,0.030692,0.032072,0.031891,0.035964,0.037683,0.038722,0.036595,0.042474,0.040595,0.043097,0.042384,0.040836,0.040621,0.04239,0.043656,0.046173,0.044634,0.042751,0.044162,0.046011,0.045142,0.048466,0.047583,0.046618,0.048166,0.046911,0.047197,0.047607,0.055086,0.054482,0.053789,0.052117,0.051517,0.053207,0.054276,0.053377,0.056593,0.055445,0.055314,0.057338,0.055183,0.062154,0.062673,0.058257,0.049537,0.048927,0.045301,0.048316,0.036778,0.025536,0.025866,0.02136,0.022476,0.021976,0.022584,0.027287,0.030952,0.029692,0.023944,0.026185,0.025554,0.02701,0.021122,0.012624,0.011111,0.010495,0.010405,0.015148,0.016616,0.018004,0.018258,0.019729,0.01536
0,0,0,0,0,0.019612,0.023179,0.01878,0.016603,0.013379,0.0028109,-0.0084292,-0.010572,-0.013277,-0.012305,-0.012742,-0.0099759,-0.0082228,-0.0072924,-0.0063708,-0.0066981,-0.0059088,-0.0087419,-0.012148,-0.011416,-0.011421,-0.010734,-0.011481,-0.014166,-0.013583,-0.01571,-0.012397,-0.011842,-0.011579,-0.014258,-0.010084,-0.010022,-0.0069356,-0.006506,-0.0057496,-0.0051097,-0.0064071,-0.0071711,-0.0055292,-0.003596,-0.00378,-0.004822,-0.0046851,-0.0054903,-0.0021278,-0.0038806,-0.0040695,-0.0011876,-0.0028735,-0.0042512,-0.0059167,-0.0075786,-0.0070216,-0.0092792,-0.010699,-0.012339,-0.016641,-0.018852,-0.021733,-0.025171,-0.025708,-0.02692,-0.03171,-0.033155,-0.036087,-0.03713,-0.034911,-0.032383,-0.033802,-0.033792,-0.028102,-0.030375,-0.018937,-0.017849,-0.018518,-0.018268,-0.017599,-0.036807,-0.033336,-0.032326,-0.032291,-0.033389,-0.031852,-0.032118,-0.030182,-0.025478,-0.019163,-0.01956,-0.019711,-0.019813,-0.021552,-0.025206,-0.025737,-0.024234,-0.022106
0,0,0,0,0,0,-0.0019595,-0.023348,-0.022469,-0.01986,-0.012255,-0.0071514,-0.003877,0.0038954,-0.0011665,-0.00018467,-0.0030759,-0.0073445,-0.0083025,-0.0078623,-0.0074405,-0.0063414,-0.0058165,-0.0018315,-0.0033953,-0.0017209,-0.0013379,-0.00072449,0.00095055,-0.0016695,0.0038588,0.0021671,0.0017013,0.003222,0.0055716,0.0051773,0.0042128,0.0069564,0.0044246,0.0040937,0.0021305,0.003718,0.0019362,0.0026785,-0.00055851,-0.0011476,-0.001709,-0.0037803,-0.0032442,-0.003533,0.0023759,0.003627,-0.00081538,0.0030232,0.0033682,0.0021761,0.0024112,0.0022503,0.0040781,0.0037181,0.0031407,0.0067595,0.013336,0.0086474,0.011236,0.0081404,0.0083694,0.010867,0.0066967,0.0074214,0.00884,0.0092032,0.01033,0.015413,0.016032,0.017018,0.026326,0.01803,0.025808,0.02663,0.028022,0.027563,0.038333,0.025169,0.025905,0.037084,0.039459,0.037809,0.038292,0.037459,0.035704,0.030596,0.031267,0.030781,0.029935,0.03,0.033894,0.034445,0.034361,0.034545
0,0,0,0,0,0,0,0.024537,0.019983,0.019952,0.018228,0.018559,0.016874,0.0045696,0.019025,0.017136,0.018062,0.022969,0.025158,0.024678,0.02441,0.024026,0.023529,0.023015,0.024615,0.021623,0.022048,0.022184,0.020958,0.021458,0.011027,0.01487,0.015062,0.016142,0.01652,0.018241,0.017483,0.012432,0.010081,0.011116,0.011974,0.014128,0.01402,0.010708,0.011461,0.012629,0.014527,0.015644,0.014049,0.013733,0.01344,0.010448,0.01251,0.011928,0.01055,0.012407,0.013399,0.013534,0.01307,0.013521,0.014465,0.016194,0.012742,0.025229,0.027904,0.030254,0.030009,0.029605,0.031926,0.033049,0.031431,0.036014,0.037083,0.038553,0.037555,0.03904,0.026222,0.025132,0.015995,0.017388,0.016831,0.01403,0.013005,0.021094,0.017743,0.02897,0.025076,0.025952,0.024688,0.026414,0.024517,0.026112,0.026677,0.028888,0.026725,0.026974,0.026785,0.02598,0.019139,0.017313
0,0,0,0,0,0,0,0,0.0057609,0.029617,0.026815,0.024377,0.026258,0.031837,0.0089754,0.014843,0.015629,0.013392,0.011267,0.011954,0.012214,0.010908,0.011873,0.012571,0.012052,0.015318,0.013769,0.013451,0.013203,0.013502,0.020186,0.011634,0.011012,0.010469,0.0084593,0.00737,0.0069158,0.0091098,0.013353,0.013796,0.011072,0.009698,0.012174,0.013823,0.016409,0.015133,0.011657,0.010888,0.011492,0.010061,0.009168,0.0090217,0.010374,0.013476,0.016299,0.011785,0.011225,0.010718,0.01118,0.012123,0.011601,0.0097887,0.0057502,0.0010956,-0.005891,-0.0039638,-0.0038336,-0.0027928,-0.0031648,-0.0035977,0.0025883,0.001986,-0.0045953,-0.0029285,-0.002049,-0.0051546,-0.007317,-5.2196e-05,0.0029006,-0.0032902,-0.0060411,-0.004971,-0.0043466,-0.0053288,-0.0036743,-0.045462,-0.048866,-0.047702,-0.048155,-0.050453,-0.045771,-0.046288,-0.046467,-0.048586,-0.038935,-0.038315,-0.038828,-0.038806,-0.03321,-0.028293
0,0,0,0,0,0,0,0,0,-0.029012,-0.097811,-0.09643,-0.097204,-0.096704,-0.086278,-0.095681,-0.097345,-0.097674,-0.097167,-0.096744,-0.09761,-0.096356,-0.097409,-0.098989,-0.099265,-0.099848,-0.098385,-0.09809,-0.09724,-0.096942,-0.10172,-0.097183,-0.097157,-0.095788,-0.094805,-0.097446,-0.096423,-0.098426,-0.1003,-0.10137,-0.1026,-0.10069,-0.10201,-0.097082,-0.097098,-0.096257,-0.09396,-0.092734,-0.092777,-0.091769,-0.094189,-0.093307,-0.095123,-0.10207,-0.10299,-0.10111,-0.099444,-0.099438,-0.10109,-0.10113,-0.099769,-0.098865,-0.098388,-0.1071,-0.10548,-0.11019,-0.10923,-0.10987,-0.10927,-0.1093,-0.11577,-0.12346,-0.12188,-0.13276,-0.13219,-0.13129,-0.11809,-0.11497,-0.11158,-0.10676,-0.1021,-0.096676,-0.097314,-0.098788,-0.09889,-0.072297,-0.058601,-0.057281,-0.053409,-0.053102,-0.055374,-0.054015,-0.053005,-0.052241,-0.061119,-0.063769,-0.064989,-0.064864,-0.065158,-0.070378
0,0,0,0,0,0,0,0,0,0,0.082565,0.086303,0.085943,0.083209,0.083869,0.08783,0.090238,0.089845,0.091061,0.089643,0.090901,0.088033,0.088993,0.090613,0.090142,0.090138,0.089105,0.088654,0.087578,0.0885,0.087389,0.084238,0.083307,0.079021,0.076455,0.077394,0.078904,0.078639,0.080573,0.08092,0.08382,0.082672,0.085505,0.082382,0.079161,0.077728,0.077895,0.078028,0.077876,0.07676,0.078527,0.079852,0.082623,0.082106,0.080347,0.076577,0.07474,0.074368,0.074327,0.073575,0.073122,0.070017,0.07053,0.068902,0.075317,0.075225,0.071933,0.069817,0.069204,0.068758,0.071736,0.079867,0.082767,0.084971,0.083603,0.083857,0.095884,0.090425,0.090964,0.089487,0.087107,0.077752,0.076758,0.076953,0.077674,0.07446,0.066911,0.062622,0.066397,0.070145,0.07595,0.074107,0.071357,0.070865,0.07383,0.076093,0.081319,0.081646,0.080956,0.081222
0,0,0,0,0,0,0,0,0,0,0,-0.0039507,-0.020016,-0.018601,-0.023457,-0.021426,-0.022856,-0.021591,-0.024534,-0.021711,-0.022517,-0.020216,-0.02323,-0.024625,-0.023336,-0.024579,-0.025499,-0.025602,-0.024194,-0.02659,-0.023533,-0.023375,-0.021943,-0.020889,-0.01805,-0.020588,-0.021277,-0.019346,-0.019317,-0.019843,-0.020835,-0.020168,-0.019257,-0.014161,-0.012391,-0.013522,-0.011521,-0.013491,-0.012781,-0.011091,-0.013337,-0.014608,-0.015826,-0.013844,-0.012515,-0.0057323,-0.0044747,-0.0033808,-0.0045954,-0.0042807,-0.0039777,-0.0030728,0.00069982,0.003468,0.0047805,0.0099823,0.012008,0.019346,0.017822,0.018257,0.022598,0.019167,0.0178,0.02389,0.024377,0.025728,0.03535,0.02478,0.022085,0.022804,0.022509,0.027381,0.0322,0.035195,0.034808,0.027776,0.028412,0.031226,0.017201,0.021258,0.011477,0.01109,0.013352,0.014595,0.013152,0.012368,0.0081208,0.0064665,0.0051191,0.0057529
0,0,0,0,0,0,0,0,0,0,0,0,0.019273,0.022394,0.024982,0.021674,0.024253,0.024116,0.028485,0.019526,0.020033,0.020127,0.023969,0.02774,0.026724,0.028782,0.028828,0.028454,0.028407,0.030735,0.027065,0.029466,0.029634,0.029871,0.026939,0.032137,0.033416,0.032831,0.03131,0.031424,0.032817,0.031337,0.028914,0.028716,0.024845,0.025653,0.02583,0.026723,0.025472,0.025185,0.02894,0.030638,0.02942,0.032856,0.031075,0.031647,0.031185,0.030826,0.034459,0.033563,0.033919,0.033591,0.032773,0.039331,0.037157,0.038482,0.040403,0.036411,0.042576,0.043105,0.038864,0.035529,0.035513,0.032067,0.030912,0.03092,-0.021611,-0.028019,-0.03145,-0.032474,-0.033123,-0.032784,-0.036288,-0.039224,-0.040569,-0.039038,-0.039339,-0.039477,-0.031101,-0.0452,-0.054067,-0.050043,-0.052921,-0.054204,-0.050295,-0.050176,-0.04867,-0.047121,-0.044092,-0.042373
0,0,0,0,0,0,0,0,0,0,0,0,0,-0.003066,0.0036994,0.0047931,0.0032641,-0.0018945,-0.0039932,0.010637,0.0082815,0.005307,0.0033391,-0.0019251,0.00087299,-0.00061799,0.0010582,0.0014356,0.0020373,0.00076645,0.0060436,0.0019691,0.0021945,0.0024319,0.0059315,0.0028098,-0.00036723,0.0015234,0.0019248,0.0025709,0.0022736,0.0024771,0.0027894,0.00085762,-0.00024653,-0.0013176,-0.0017402,0.00077587,0.0018609,0.00019411,-0.00068229,-0.0036194,-0.00056372,-0.0035491,-0.0021718,-0.005037,-0.0060525,-0.0069561,-0.0081431,-0.0068887,-0.0075181,-0.0083922,-0.0095811,-0.010428,-0.013968,-0.015742,-0.01645,-0.021261,-0.024766,-0.026659,-0.025192,-0.023056,-0.024031,-0.023515,-0.021799,-0.025458,-0.012169,0.020087,0.017495,0.021411,0.022544,0.023863,0.024988,0.025928,0.028805,0.042449,0.043067,0.041322,0.040606,0.049218,0.083933,0.088003,0.090386,0.091187,0.086569,0.086166,0.086153,0.08559,0.085056,0.078068
0,0,0,0,0,0,0,0,0,0,0,0,0,0,-0.0068229,-0.016631,-0.016871,-0.012491,-0.011055,-0.017356,-0.013187,-0.0049729,-0.0047535,-0.0016982,-0.0047527,-0.00035857,-0.0018163,-0.0018474,-0.0026702,-0.0035372,-0.003592,0.0019038,0.00082548,0.0022576,0.0027221,0.0053788,0.0067522,0.0041638,0.0025547,0.0023988,0.00074666,0.0015773,0.00039828,-0.00074814,0.0021732,0.003067,0.0027495,0.001142,0.0028606,0.0032199,5.8088e-05,0.0010123,-0.0041406,-7.4783e-05,0.00026907,-0.0025978,-0.001021,-0.00041569,-0.0033471,-0.0041896,-0.0049175,-0.0032907,-0.002039,-0.0057683,-0.0056604,-0.0076368,-0.0074937,-0.0064084,-0.010252,-0.0095704,-0.016483,-0.018322,-0.017327,-0.018468,-0.0192,-0.01547,0.00098026,-0.0061245,0.0073697,0.0097045,0.0094174,0.0072349,0.0065241,0.0075111,0.0058335,-0.0098786,-0.0096778,-0.0092322,-0.011132,-0.011677,-0.031071,-0.045441,-0.043164,-0.042456,-0.040118,-0.039467,-0.039385,-0.039248,-0.039213,-0.033688
0,0,0,0,0,0,0,0,0,0,0,0,0,0,0,0.012481,-0.0090654,-0.0093774,-0.0097172,-0.01245,-0.014153,-0.026972,-0.029813,-0.030778,-0.02983,-0.035178,-0.031319,-0.031385,-0.030871,-0.031109,-0.028557,-0.030036,-0.029235,-0.032274,-0.032856,-0.032753,-0.033492,-0.031038,-0.028903,-0.028391,-0.028,-0.026494,-0.025837,-0.026805,-0.027023,-0.027765,-0.029674,-0.02636,-0.027513,-0.025531,-0.025218,-0.023339,-0.020473,-0.027561,-0.029151,-0.02591,-0.025982,-0.02656,-0.024554,-0.024475,-0.024626,-0.023597,-0.026474,-0.024207,-0.021304,-0.021504,-0.023671,-0.023587,-0.022473,-0.021006,-0.012181,-0.0022387,-0.00094226,0.00029311,-0.00080403,-0.002131,-0.0040354,-0.016981,-0.019765,-0.029588,-0.029735,-0.029003,-0.028198,-0.027752,-0.027599,-0.021414,-0.02433,-0.020819,-0.020665,-0.023578,-0.021548,-0.012866,-0.021859,-0.020897,-0.016763,-0.016618,-0.017359,-0.017877,-0.016601,-0.018515
0,0,0,0,0,0,0,0,0,0,0,0,0,0,0,0,0.025957,0.065214,0.064774,0.069634,0.067742,0.073555,0.079184,0.085172,0.086365,0.088648,0.084954,0.085018,0.084827,0.087191,0.083772,0.084524,0.083415,0.086772,0.086318,0.084902,0.084972,0.081901,0.07989,0.07894,0.077636,0.077493,0.079341,0.080934,0.082344,0.083509,0.0862,0.086237,0.088312,0.087126,0.090665,0.090951,0.092283,0.094445,0.096978,0.09213,0.09123,0.091825,0.089836,0.090495,0.092471,0.093102,0.095045,0.089002,0.087813,0.090379,0.090879,0.095453,0.095288,0.095227,0.095884,0.08734,0.082908,0.085174,0.085983,0.08463,0.081972,0.086625,0.079406,0.081419,0.081047,0.081652,0.078347,0.077342,0.076991,0.080331,0.082534,0.077495,0.08159,0.082125,0.081794,0.081106,0.085871,0.082897,0.088073,0.086451,0.085445,0.086159,0.08218,0.082121
0,0,0,0,0,0,0,0,0,0,0,0,0,0,0,0,0,-0.047543,-0.061311,-0.063167,-0.060881,-0.061053,-0.063059,-0.074097,-0.076481,-0.075872,-0.075293,-0.074992,-0.074155,-0.07603,-0.074092,-0.076102,-0.077062,-0.078788,-0.079338,-0.077098,-0.076292,-0.07642,-0.074011,-0.073488,-0.071094,-0.070751,-0.070887,-0.067131,-0.068135,-0.068393,-0.070386,-0.071509,-0.071837,-0.069078,-0.070982,-0.07308,-0.070855,-0.066199,-0.067893,-0.059211,-0.05731,-0.057237,-0.055206,-0.056151,-0.056301,-0.060457,-0.062847,-0.0556,-0.052723,-0.053248,-0.052977,-0.05391,-0.049731,-0.049923,-0.056141,-0.061193,-0.059604,-0.067666,-0.067689,-0.066698,-0.079154,-0.082252,-0.07731,-0.075312,-0.075348,-0.075292,-0.077373,-0.079138,-0.0786,-0.07689,-0.077953,-0.075528,-0.079579,-0.073544,-0.072117,-0.074616,-0.075204,-0.073289,-0.089865,-0.091853,-0.08814,-0.088487,-0.085256,-0.085447
0,0,0,0,0,0,0,0,0,0,0,0,0,0,0,0,0,0,0.016352,0.02846,0.027839,0.025507,0.020976,0.025198,0.028636,0.02922,0.032185,0.031653,0.029984,0.035106,0.03468,0.037799,0.037908,0.037481,0.03622,0.032514,0.030802,0.031161,0.031467,0.030905,0.029551,0.027152,0.028081,0.02767,0.025187,0.024368,0.025615,0.024648,0.024472,0.024942,0.029944,0.031043,0.031365,0.032284,0.031911,0.028025,0.024676,0.024034,0.024258,0.02448,0.02411,0.024198,0.027225,0.021332,0.016215,0.017863,0.017309,0.016324,0.015297,0.014192,0.017597,0.023785,0.027195,0.030587,0.0312,0.030296,0.040813,0.050204,0.047272,0.048071,0.049377,0.049611,0.057861,0.056873,0.056219,0.052366,0.05294,0.053525,0.054854,0.047508,0.046746,0.047387,0.048505,0.048564,0.058611,0.065003,0.069269,0.068618,0.063171,0.064372
0,0,0,0,0,0,0,0,0,0,0,0,0,0,0,0,0,0,0,-0.015421,-0.0027874,-0.0012027,0.0033271,0.009993,0.0080528,0.0063251,-0.0014533,-0.00055741,0.00083801,-0.0044232,-0.0019177,-0.0036834,-0.0018833,-0.0030251,-0.0052974,-0.0043368,-0.0018216,-0.0017699,-0.0021642,-0.0021723,-0.00065975,-0.00041221,-0.0031434,-0.0018108,-0.0017231,-0.0025938,-0.0019523,-0.0026609,-0.0037381,-0.005305,-0.0040471,-0.0069881,-0.0073593,-0.012586,-0.013786,-0.018037,-0.016268,-0.015326,-0.017478,-0.017077,-0.01799,-0.016888,-0.01556,-0.012647,-0.0091665,-0.013323,-0.012111,-0.010979,-0.011481,-0.011328,-0.017453,-0.020104,-0.020403,-0.014223,-0.015329,-0.011791,-0.0018857,-0.0090006,-0.0053987,-0.0051021,-0.0066203,-0.0090751,-0.011071,-0.0052757,-0.0058142,-0.01138,-0.011825,-0.011496,-0.010015,-0.006875,-0.012885,-0.0080066,-0.0087144,-0.010132,-0.010032,-0.013761,-0.027842,-0.028918,-0.022996,-0.021855
0,0,0,0,0,0,0,0,0,0,0,0,0,0,0,0,0,0,0,0,-0.015432,-0.0061581,-0.0070161,-0.014136,-0.011848,-0.011853,0.00017088,-0.0026527,-0.0039223,-0.0026211,-0.0085233,-0.0024037,-0.003904,-0.00041532,0.00066432,-0.00085899,-0.0019914,-0.001025,-0.0010868,-0.00091996,-0.00088807,-0.00052484,0.00081875,-0.0045985,-0.005867,-0.0058263,-0.0057012,-0.004352,-0.0045165,-0.0047779,-0.0081904,-0.0092828,-0.010382,-0.0077155,-0.0087521,-0.010455,-0.0092542,-0.0098293,-0.0066592,-0.0078453,-0.007331,-0.0055208,-0.0082046,-0.004503,-0.0042869,-0.0017369,-0.0019812,-0.0046588,-0.0037518,-0.0032323,-0.00076569,0.0069368,0.0066558,0.0051651,0.0051011,0.0022551,-0.025694,-0.031992,-0.034399,-0.038882,-0.038276,-0.035204,-0.036634,-0.037832,-0.036387,-0.038994,-0.036834,-0.03771,-0.037695,-0.036094,-0.030863,-0.036632,-0.038938,-0.038467,-0.04384,-0.043667,-0.035587,-0.03253,-0.027873,-0.032714
0,0,0,0,0,0,0,0,0,0,0,0,0,0,0,0,0,0,0,0,0,-0.010488,0.022026,0.02343,0.022501,0.027673,0.021938,0.026508,0.030897,0.03405,0.039502,0.031025,0.034393,0.032068,0.034117,0.035644,0.036026,0.036788,0.036051,0.035718,0.035257,0.03564,0.034369,0.035981,0.040031,0.039903,0.039861,0.041855,0.042857,0.041949,0.041871,0.044408,0.041403,0.034505,0.035144,0.039771,0.040876,0.040758,0.038859,0.040971,0.040755,0.039569,0.038819,0.032892,0.03038,0.03139,0.032224,0.033548,0.031243,0.030992,0.026433,0.023885,0.021226,0.021294,0.022754,0.020798,0.026699,0.047334,0.044053,0.047757,0.048264,0.046913,0.046218,0.043484,0.043,0.061411,0.062982,0.062588,0.061835,0.061964,0.059076,0.061604,0.067363,0.070032,0.071435,0.072553,0.072197,0.070379,0.051465,0.045653
0,0,0,0,0,0,0,0,0,0,0,0,0,0,0,0,0,0,0,0,0,0,-0.039494,-0.085417,-0.085801,-0.089753,-0.088259,-0.090205,-0.097509,-0.10542,-0.11078,-0.10601,-0.10878,-0.10233,-0.10434,-0.1056,-0.1065,-0.10464,-0.1054,-0.10474,-0.10392,-0.10364,-0.10367,-0.10463,-0.10655,-0.10496,-0.10553,-0.10576,-0.10436,-0.1034,-0.10524,-0.10577,-0.10115,-0.10374,-0.10378,-0.10609,-0.10668,-0.10719,-0.10761,-0.10863,-0.1081,-0.10723,-0.10564,-0.10514,-0.10174,-0.10359,-0.10571,-0.10792,-0.10705,-0.10646,-0.10683,-0.10435,-0.10406,-0.10932,-0.11015,-0.10734,-0.084104,-0.091528,-0.081031,-0.07957,-0.080065,-0.081272,-0.081383,-0.079732,-0.07943,-0.082745,-0.088698,-0.088862,-0.090744,-0.091901,-0.090751,-0.089482,-0.093173,-0.097177,-0.086923,-0.087244,-0.089202,-0.089244,-0.078989,-0.060061
0,0,0,0,0,0,0,0,0,0,0,0,0,0,0,0,0,0,0,0,0,0,0,0.05606,0.036124,0.036308,0.037518,0.036538,0.039545,0.051522,0.069621,0.068854,0.068707,0.061597,0.065613,0.065897,0.067866,0.066816,0.065488,0.065542,0.063938,0.062053,0.062472,0.062796,0.064548,0.064403,0.064267,0.065175,0.064893,0.066464,0.067873,0.069414,0.06632,0.072272,0.073794,0.080341,0.080685,0.080321,0.078507,0.077637,0.077535,0.075684,0.072937,0.075136,0.074693,0.076868,0.076614,0.080736,0.078717,0.078087,0.081839,0.084331,0.085663,0.086199,0.087104,0.085616,0.08961,0.078101,0.072455,0.067769,0.06819,0.069562,0.073314,0.072253,0.071541,0.061287,0.062898,0.064939,0.063579,0.061768,0.060906,0.061174,0.061768,0.063883,0.049653,0.047741,0.048231,0.049188,0.048024,0.03733
0,0,0,0,0,0,0,0,0,0,0,0,0,0,0,0,0,0,0,0,0,0,0,0,0.023754,-0.015763,-0.01718,-0.015578,-0.012946,-0.0188,-0.049148,-0.046079,-0.042338,-0.040353,-0.042852,-0.044678,-0.04589,-0.047159,-0.046438,-0.046201,-0.046433,-0.043615,-0.044636,-0.043922,-0.043878,-0.044012,-0.04495,-0.048256,-0.047754,-0.048031,-0.044985,-0.045753,-0.043945,-0.045402,-0.047534,-0.043316,-0.044696,-0.044414,-0.045471,-0.046166,-0.046708,-0.046133,-0.040937,-0.047076,-0.048767,-0.049407,-0.04858,-0.047685,-0.043613,-0.042869,-0.03812,-0.043742,-0.044544,-0.042417,-0.042892,-0.039646,-0.045127,-0.048718,-0.053207,-0.052078,-0.053396,-0.054391,-0.057717,-0.055939,-0.055772,-0.049201,-0.048158,-0.048494,-0.041933,-0.043106,-0.037272,-0.038389,-0.038804,-0.038562,-0.031335,-0.029066,-0.025948,-0.026278,-0.02508,-0.024854
0,0,0,0,0,0,0,0,0,0,0,0,0,0,0,0,0,0,0,0,0,0,0,0,0,0.047626,0.028798,0.028229,0.024854,0.027772,0.040378,0.033986,0.023943,0.027511,0.026046,0.029627,0.032749,0.034385,0.035613,0.035328,0.034703,0.03333,0.035403,0.032234,0.031708,0.031188,0.032397,0.033581,0.031342,0.03226,0.031649,0.030019,0.031073,0.034917,0.036697,0.029066,0.027265,0.026973,0.027825,0.028225,0.028173,0.029645,0.027308,0.039053,0.04366,0.042332,0.043381,0.041325,0.041773,0.041093,0.041218,0.038967,0.040415,0.038484,0.039268,0.038194,0.022819,0.026601,0.026004,0.027658,0.028809,0.031354,0.030625,0.029274,0.030277,0.02671,0.027068,0.025257,0.023643,0.030266,0.034137,0.032378,0.033158,0.033456,0.0347,0.033692,0.030611,0.029069,0.028198,0.031056
0,0,0,0,0,0,0,0,0,0,0,0,0,0,0,0,0,0,0,0,0,0,0,0,0,0,0.022015,0.026754,0.027667,0.027737,0.037843,0.039852,0.055263,0.046514,0.053294,0.050716,0.046811,0.043832,0.042341,0.042441,0.043166,0.042653,0.042516,0.047786,0.049298,0.04932,0.050058,0.04904,0.049625,0.046953,0.048849,0.049129,0.048768,0.046875,0.046265,0.049003,0.051833,0.052418,0.051557,0.051326,0.052648,0.05301,0.050312,0.044728,0.036668,0.040499,0.039699,0.037688,0.036204,0.035831,0.023764,0.021593,0.020248,0.02353,0.024124,0.024844,0.025027,0.035877,0.036957,0.040609,0.04137,0.039082,0.042512,0.041255,0.04031,0.044665,0.044907,0.046453,0.043658,0.042164,0.026492,0.025142,0.023462,0.022744,0.023866,0.02338,0.024526,0.026723,0.023845,0.023041
0,0,0,0,0,0,0,0,0,0,0,0,0,0,0,0,0,0,0,0,0,0,0,0,0,0,0,-0.0059532,-0.022256,-0.023675,-0.0369,-0.028066,-0.035108,-0.022446,-0.04144,-0.039217,-0.03774,-0.03602,-0.033543,-0.033504,-0.033724,-0.034509,-0.03413,-0.035646,-0.038793,-0.037452,-0.037788,-0.037454,-0.037757,-0.036509,-0.041325,-0.042647,-0.042686,-0.046332,-0.047354,-0.051702,-0.053424,-0.054161,-0.052145,-0.051293,-0.052215,-0.055133,-0.056878,-0.061961,-0.058469,-0.064513,-0.063518,-0.061726,-0.063559,-0.062978,-0.060846,-0.049618,-0.047987,-0.049724,-0.050685,-0.049192,-0.03681,-0.038887,-0.032484,-0.034922,-0.036099,-0.037657,-0.038365,-0.034066,-0.03394,-0.037052,-0.039816,-0.040443,-0.038762,-0.042303,-0.037958,-0.031348,-0.032632,-0.032753,-0.035478,-0.035741,-0.034685,-0.035814,-0.02762,-0.031706
0,0,0,0,0,0,0,0,0,0,0,0,0,0,0,0,0,0,0,0,0,0,0,0,0,0,0,0,0.020033,-0.01135,-0.0075573,-0.015232,-0.015065,-0.021122,0.0089785,0.0013399,0.0022549,0.0033474,0.001905,0.0020288,0.0018937,0.004699,0.0036779,0.0035218,0.0038171,0.0017025,0.0005035,0.00059384,0.00095945,-9.515e-05,0.0022965,0.0050708,0.0040425,0.0047462,0.0044511,0.005382,0.0066763,0.0073646,0.0048075,0.005882,0.0073898,0.0094013,0.012269,0.0076787,0.011114,0.013694,0.011748,0.0090831,0.010448,0.010679,0.010652,0.010528,0.0088591,0.011503,0.010559,0.0079666,0.0054906,0.0006699,-0.001169,-0.0027739,-0.0022396,0.00038428,-0.00093516,-0.003026,-0.0029792,-0.0074209,-0.004998,-0.0050185,-0.0060652,-0.0034922,-0.00072231,-0.0021762,0.0016573,0.0015255,0.00025662,0.00085465,0.0012013,0.00096519,-0.0043453,-0.00029143
0,0,0,0,0,0,0,0,0,0,0,0,0,0,0,0,0,0,0,0,0,0,0,0,0,0,0,0,0,0.037249,-0.023972,-0.023166,-0.020346,-0.016015,-0.02962,-0.016602,-0.017756,-0.023195,-0.024118,-0.024517,-0.024702,-0.026657,-0.025467,-0.02739,-0.027889,-0.026766,-0.025152,-0.026815,-0.026838,-0.026768,-0.028962,-0.030507,-0.030088,-0.033452,-0.033287,-0.029422,-0.028987,-0.029033,-0.026749,-0.028588,-0.02824,-0.031686,-0.033449,-0.029445,-0.026562,-0.023998,-0.023384,-0.018453,-0.020425,-0.020792,-0.01376,-0.014934,-0.015735,-0.019896,-0.01968,-0.020579,-0.014054,-0.011585,-0.013045,-0.013003,-0.014198,-0.015271,-0.018488,-0.020584,-0.0202,-0.0050468,-0.004548,-0.0043926,-0.00258,-0.0039086,-0.0032174,-0.0065001,-0.0075518,-0.006232,-0.0071963,-0.0064294,-0.0074251,-0.0076364,-0.0064524,-0.0080181
0,0,0,0,0,0,0,0,0,0,0,0,0,0,0,0,0,0,0,0,0,0,0,0,0,0,0,0,0,0,0.075368,0.010547,0.0086753,0.0077291,0.0049471,-0.00071755,0.00033747,0.015567,0.020268,0.020666,0.021576,0.026183,0.025714,0.029961,0.031622,0.032002,0.030471,0.033856,0.032427,0.032537,0.032491,0.034079,0.032172,0.038828,0.039029,0.038355,0.037835,0.037353,0.037166,0.038305,0.037591,0.0365,0.040336,0.037991,0.03711,0.038958,0.040152,0.038627,0.042348,0.043278,0.040227,0.033786,0.035098,0.033881,0.035764,0.035244,0.021193,0.01581,0.017391,0.020203,0.020633,0.022737,0.02484,0.02441,0.024488,0.016072,0.013391,0.012602,0.011305,0.012532,0.01368,0.015972,0.016288,0.016109,0.023257,0.023742,0.02206,0.022561,0.021792,0.020386
0,0,0,0,0,0,0,0,0,0,0,0,0,0,0,0,0,0,0,0,0,0,0,0,0,0,0,0,0,0,0,0.078789,0.06719,0.065604,0.073401,0.067816,0.067115,0.043137,0.030194,0.029426,0.028399,0.023603,0.025113,0.022446,0.02044,0.021055,0.020094,0.019079,0.021722,0.020642,0.020974,0.021069,0.023589,0.019819,0.020566,0.024193,0.024079,0.023777,0.022209,0.021524,0.021384,0.023531,0.026445,0.032663,0.03287,0.033215,0.033934,0.030972,0.030005,0.028396,0.027435,0.030273,0.030801,0.033053,0.032708,0.037058,0.049279,0.055247,0.051969,0.05193,0.05148,0.050721,0.052096,0.052832,0.051729,0.044296,0.045037,0.047385,0.046013,0.045272,0.038011,0.036659,0.035164,0.033785,0.032555,0.029773,0.028466,0.028719,0.029815,0.029468
0,0,0,0,0,0,0,0,0,0,0,0,0,0,0,0,0,0,0,0,0,0,0,0,0,0,0,0,0,0,0,0,0.013204,-0.030125,-0.033629,-0.026642,-0.023344,-0.012388,0.0077714,0.010266,0.012389,0.013245,0.011045,0.017818,0.018532,0.016369,0.01633,0.016648,0.015667,0.018121,0.016388,0.016086,0.016883,0.020811,0.021436,0.01506,0.01414,0.0143,0.013366,0.013025,0.012315,0.012146,0.006982,0.013792,0.010783,0.010618,0.0090413,0.0072356,0.0048864,0.0054177,0.0067555,0.005288,0.0044316,0.0062518,0.0064769,0.00628,0.002123,-0.0073667,-0.0048865,-0.0052975,-0.0058328,-0.0048868,-0.0049968,-0.00248,-0.0018677,-0.0016268,-0.00064936,-0.0022324,0.0024415,0.00082171,0.006577,0.0080431,0.008174,0.0094945,0.0039277,0.0045058,0.010666,0.010795,0.0076704,0.0088641
0,0,0,0,0,0,0,0,0,0,0,0,0,0,0,0,0,0,0,0,0,0,0,0,0,0,0,0,0,0,0,0,0,0.052239,0.053336,0.051725,0.049265,0.051635,0.042395,0.038313,0.031494,0.034716,0.035865,0.028389,0.025764,0.027329,0.029628,0.028069,0.028088,0.027645,0.031915,0.032604,0.03217,0.032479,0.031258,0.035197,0.036076,0.036058,0.036578,0.036845,0.037356,0.039063,0.041485,0.030177,0.025574,0.024175,0.025264,0.02827,0.02687,0.027601,0.025175,0.027192,0.029268,0.027447,0.026166,0.025829,0.019826,0.026358,0.022397,0.018974,0.01997,0.021127,0.018783,0.018232,0.018044,0.019891,0.021952,0.02075,0.018275,0.023811,0.025427,0.02449,0.027028,0.026454,0.03146,0.032821,0.03135,0.030101,0.027313,0.02962
0,0,0,0,0,0,0,0,0,0,0,0,0,0,0,0,0,0,0,0,0,0,0,0,0,0,0,0,0,0,0,0,0,0,-0.0029412,0.033506,0.03332,0.026626,0.024547,0.026367,0.037475,0.031261,0.030451,0.032753,0.035992,0.032358,0.030319,0.032893,0.031923,0.032452,0.031947,0.029823,0.028395,0.027728,0.027167,0.022568,0.021281,0.021762,0.021761,0.021842,0.022851,0.02189,0.019368,0.026033,0.032796,0.029504,0.027276,0.025071,0.027949,0.028458,0.030456,0.031139,0.027566,0.03103,0.03147,0.028909,0.03947,0.04185,0.047146,0.049975,0.050436,0.048456,0.048192,0.047196,0.047333,0.056602,0.055036,0.055977,0.053921,0.050769,0.043373,0.041863,0.039672,0.039441,0.037228,0.036235,0.033732,0.033925,0.042826,0.044472
0,0,0,0,0,0,0,0,0,0,0,0,0,0,0,0,0,0,0,0,0,0,0,0,0,0,0,0,0,0,0,0,0,0,0,-0.045262,-0.073787,-0.070943,-0.065383,-0.064381,-0.069372,-0.06068,-0.056611,-0.053861,-0.055514,-0.051997,-0.047757,-0.049107,-0.046836,-0.048024,-0.0468,-0.046875,-0.045262,-0.04344,-0.043345,-0.044155,-0.042506,-0.042355,-0.040803,-0.040237,-0.040482,-0.04268,-0.042805,-0.047268,-0.052152,-0.047118,-0.048301,-0.043598,-0.045576,-0.046063,-0.046342,-0.050056,-0.048957,-0.054715,-0.054231,-0.052996,-0.054398,-0.062328,-0.060932,-0.059646,-0.059615,-0.060822,-0.060494,-0.059778,-0.060399,-0.062633,-0.063972,-0.064086,-0.064207,-0.066686,-0.06432,-0.059135,-0.059262,-0.058922,-0.058767,-0.05833,-0.056723,-0.055794,-0.058689,-0.067008
0,0,0,0,0,0,0,0,0,0,0,0,0,0,0,0,0,0,0,0,0,0,0,0,0,0,0,0,0,0,0,0,0,0,0,0,0.03498,0.030927,0.028704,0.027142,0.024579,0.020389,0.013176,0.010646,0.011479,0.010744,0.0070672,0.010607,0.0091807,0.010701,0.0083997,0.0075998,0.0058184,0.00084197,0.0020339,0.0024293,0.002935,0.0025359,0.0030387,0.0025951,0.0031693,0.0036735,0.0057692,0.0039915,0.0068342,0.0026026,0.0046285,0.0076219,0.011658,0.012011,0.0034557,0.0033073,0.0050955,0.0064807,0.0056277,0.0052559,0.0018003,0.002556,-0.0014681,-0.0025254,-0.0044863,-0.0044003,-0.0015024,-0.0026256,-0.0029218,-0.0050444,-0.004784,-0.002969,-0.0022223,-0.0016028,0.00096665,-0.0016427,-0.0010831,-0.00153,-0.0012898,-0.0018528,-0.002614,-0.0034461,-0.0035006,-0.0014487
0,0,0,0,0,0,0,0,0,0,0,0,0,0,0,0,0,0,0,0,0,0,0,0,0,0,0,0,0,0,0,0,0,0,0,0,0,0.0060237,0.0088272,0.0092969,0.013453,0.01625,0.019423,0.021144,0.016359,0.013752,0.013967,0.009881,0.013212,0.01255,0.014919,0.016199,0.015006,0.014536,0.012918,0.012118,0.011982,0.011865,0.01048,0.011151,0.0096492,0.0082307,0.0081417,0.01091,0.012399,0.014525,0.013739,0.0087219,0.011168,0.010225,0.016916,0.025355,0.026458,0.029853,0.030598,0.031071,0.048171,0.05094,0.049875,0.052294,0.05244,0.056581,0.054065,0.055145,0.055652,0.058591,0.060189,0.059467,0.062532,0.063045,0.067935,0.0654,0.066011,0.067722,0.065963,0.066468,0.067986,0.068294,0.066432,0.069689
0,0,0,0,0,0,0,0,0,0,0,0,0,0,0,0,0,0,0,0,0,0,0,0,0,0,0,0,0,0,0,0,0,0,0,0,0,0,-0.0044297,-0.010414,-0.011749,-0.012461,-0.0092754,-0.010433,-0.001573,0.0038559,0.0083205,0.010114,0.0065421,0.0084194,0.0076629,0.0068468,0.0061687,0.0045762,0.0055982,0.0096446,0.0092901,0.0092582,0.0089594,0.0080417,0.0087757,0.012087,0.013834,0.014485,0.014017,0.014964,0.016159,0.01875,0.014631,0.013876,0.0036065,-0.0034498,-0.0047515,-0.0028717,-0.0032333,-0.0025113,-0.03209,-0.04383,-0.041497,-0.042638,-0.042546,-0.043387,-0.04426,-0.045862,-0.045235,-0.050638,-0.050729,-0.050394,-0.051199,-0.047493,-0.050852,-0.050425,-0.050544,-0.051629,-0.044382,-0.044053,-0.04523,-0.045311,-0.045469,-0.047732
0,0,0,0,0,0,0,0,0,0,0,0,0,0,0,0,0,0,0,0,0,0,0,0,0,0,0,0,0,0,0,0,0,0,0,0,0,0,0,0.007483,0.022554,0.02173,0.017524,0.02382,0.02,0.012207,0.001244,0.0015978,0.0028598,0.00037887,0.0030607,0.0029572,0.0071649,0.010215,0.011034,0.011703,0.011447,0.011756,0.011616,0.011434,0.010541,0.0087409,0.0059963,0.0090083,0.0080034,0.0085122,0.0083628,0.0053765,0.0074093,0.008634,0.0085865,0.019331,0.020139,0.016661,0.017076,0.015488,0.027066,0.045486,0.040192,0.039051,0.03987,0.04006,0.04128,0.043576,0.043248,0.047153,0.047319,0.048006,0.047062,0.045964,0.041565,0.042166,0.039457,0.038589,0.034202,0.032204,0.031305,0.031373,0.035995,0.037357
0,0,0,0,0,0,0,0,0,0,0,0,0,0,0,0,0,0,0,0,0,0,0,0,0,0,0,0,0,0,0,0,0,0,0,0,0,0,0,0,-0.01885,-0.050077,-0.049012,-0.054209,-0.058707,-0.054975,-0.038329,-0.037961,-0.036682,-0.035262,-0.039159,-0.03974,-0.043489,-0.045291,-0.044602,-0.042512,-0.043124,-0.043643,-0.042596,-0.042652,-0.042445,-0.040246,-0.037927,-0.041079,-0.042548,-0.043537,-0.044737,-0.044513,-0.046999,-0.047817,-0.044325,-0.043005,-0.045248,-0.042806,-0.041079,-0.040984,-0.030753,-0.037627,-0.029711,-0.02527,-0.025593,-0.027484,-0.029702,-0.029432,-0.030631,-0.036488,-0.038503,-0.039786,-0.038676,-0.039156,-0.038406,-0.034998,-0.033632,-0.032674,-0.036444,-0.035415,-0.031251,-0.031179,-0.034631,-0.037117
0,0,0,0,0,0,0,0,0,0,0,0,0,0,0,0,0,0,0,0,0,0,0,0,0,0,0,0,0,0,0,0,0,0,0,0,0,0,0,0,0,0.03775,0.014753,0.014931,0.020603,0.018739,0.011078,0.0095716,0.007183,0.006451,0.0089478,0.010425,0.01662,0.01619,0.013237,0.010422,0.0095031,0.0098128,0.008089,0.0083596,0.0081988,0.0078578,0.004797,0.0085748,0.0094517,0.0085005,0.0084925,0.010779,0.010983,0.011722,0.013028,0.0083248,0.0066719,0.0013863,-5.9292e-05,0.0036925,0.014062,0.007887,0.0051773,-0.0014389,-0.0014419,-0.00065687,0.00050063,-0.00092238,-0.00042555,0.01048,0.012218,0.01237,0.010513,0.011977,0.016465,0.015507,0.015699,0.015541,0.018375,0.019412,0.017336,0.016231,0.014378,0.016285
0,0,0,0,0,0,0,0,0,0,0,0,0,0,0,0,0,0,0,0,0,0,0,0,0,0,0,0,0,0,0,0,0,0,0,0,0,0,0,0,0,0,0.028393,-0.030031,-0.03136,-0.031168,-0.03069,-0.030173,-0.027229,-0.024553,-0.026721,-0.028089,-0.032973,-0.034404,-0.031958,-0.031282,-0.031004,-0.030624,-0.029601,-0.029623,-0.0297,-0.029357,-0.029535,-0.035192,-0.037265,-0.037234,-0.03813,-0.037965,-0.035781,-0.035674,-0.032529,-0.032079,-0.029264,-0.031886,-0.030076,-0.033049,-0.035019,-0.041587,-0.044757,-0.041701,-0.041623,-0.041361,-0.040762,-0.041326,-0.041748,-0.042028,-0.041644,-0.042407,-0.040834,-0.043297,-0.044045,-0.044826,-0.044454,-0.043295,-0.043139,-0.043209,-0.045147,-0.044484,-0.04076,-0.039744
0,0,0,0,0,0,0,0,0,0,0,0,0,0,0,0,0,0,0,0,0,0,0,0,0,0,0,0,0,0,0,0,0,0,0,0,0,0,0,0,0,0,0,0.071433,0.10522,0.10596,0.10867,0.11276,0.11125,0.1064,0.11332,0.11557,0.11548,0.11893,0.11459,0.11614,0.11778,0.11807,0.11933,0.11977,0.12092,0.12101,0.12061,0.11956,0.12304,0.12143,0.12322,0.12531,0.12519,0.1249,0.12149,0.1177,0.11597,0.12096,0.12043,0.12484,0.12371,0.13016,0.12711,0.12828,0.12796,0.12747,0.12401,0.12495,0.12555,0.12098,0.12013,0.12296,0.12092,0.12209,0.12344,0.12493,0.12313,0.12271,0.12754,0.1272,0.1268,0.12754,0.12644,0.12099
0,0,0,0,0,0,0,0,0,0,0,0,0,0,0,0,0,0,0,0,0,0,0,0,0,0,0,0,0,0,0,0,0,0,0,0,0,0,0,0,0,0,0,0,-0.041869,-0.019188,-0.02117,-0.024957,-0.022002,-0.01983,-0.031635,-0.038143,-0.031067,-0.03432,-0.030542,-0.031034,-0.033077,-0.034332,-0.033374,-0.032707,-0.032855,-0.035331,-0.034897,-0.03495,-0.035385,-0.032207,-0.033254,-0.037146,-0.034941,-0.035225,-0.041552,-0.040431,-0.039013,-0.041465,-0.041508,-0.041338,-0.049017,-0.057019,-0.05077,-0.049162,-0.048575,-0.047707,-0.042618,-0.044853,-0.044875,-0.047944,-0.046546,-0.047216,-0.043965,-0.045815,-0.051423,-0.054087,-0.054265,-0.054188,-0.055423,-0.056894,-0.056148,-0.056621,-0.056683,-0.053996
0,0,0,0,0,0,0,0,0,0,0,0,0,0,0,0,0,0,0,0,0,0,0,0,0,0,0,0,0,0,0,0,0,0,0,0,0,0,0,0,0,0,0,0,0,-0.027413,-0.044666,-0.044183,-0.046026,-0.042724,-0.037339,-0.027045,-0.044,-0.038143,-0.038887,-0.041146,-0.03845,-0.037432,-0.041527,-0.041651,-0.041536,-0.041365,-0.039965,-0.038523,-0.037955,-0.038674,-0.036999,-0.034468,-0.038192,-0.038637,-0.037237,-0.030919,-0.030494,-0.028002,-0.028682,-0.030505,-0.045118,-0.033629,-0.03911,-0.038344,-0.03839,-0.039733,-0.041977,-0.038539,-0.039167,-0.035621,-0.036285,-0.036178,-0.03642,-0.031775,-0.027308,-0.025404,-0.025193,-0.024369,-0.025056,-0.024725,-0.021638,-0.021636,-0.026354,-0.023745
0,0,0,0,0,0,0,0,0,0,0,0,0,0,0,0,0,0,0,0,0,0,0,0,0,0,0,0,0,0,0,0,0,0,0,0,0,0,0,0,0,0,0,0,0,0,0.020503,-0.015127,-0.015343,-0.019093,-0.013192,-0.017795,0.0074891,-0.008507,-0.012219,-0.0092827,-0.010983,-0.012762,-0.0094577,-0.010618,-0.011659,-0.012134,-0.011009,-0.010746,-0.011761,-0.01134,-0.011728,-0.015708,-0.01357,-0.012951,-0.01637,-0.016298,-0.017111,-0.016692,-0.016649,-0.016945,0.0045394,0.014622,0.021239,0.021466,0.019699,0.020074,0.018901,0.017792,0.018721,0.012089,0.011718,0.010394,0.0094645,0.0087538,0.0087717,0.0066934,0.0085594,0.0074088,0.010772,0.011304,0.010532,0.0096228,0.011936,0.012488
0,0,0,0,0,0,0,0,0,0,0,0,0,0,0,0,0,0,0,0,0,0,0,0,0,0,0,0,0,0,0,0,0,0,0,0,0,0,0,0,0,0,0,0,0,0,0,0.043537,0.016154,0.016924,0.0094354,0.0062625,-0.0053397,0.019445,0.028611,0.021251,0.021183,0.022878,0.017022,0.018237,0.019653,0.021864,0.023373,0.026497,0.027634,0.02667,0.026854,0.027829,0.024472,0.024012,0.034837,0.038934,0.038405,0.036245,0.03661,0.035945,0.021055,0.0068424,0.010906,0.01117,0.012637,0.016148,0.014835,0.013016,0.012444,0.022768,0.025032,0.025632,0.024556,0.023922,0.022254,0.026179,0.02532,0.025427,0.020807,0.020081,0.018855,0.019063,0.021054,0.019968
0,0,0,0,0,0,0,0,0,0,0,0,0,0,0,0,0,0,0,0,0,0,0,0,0,0,0,0,0,0,0,0,0,0,0,0,0,0,0,0,0,0,0,0,0,0,0,0,0.03335,0.0086596,0.0105,0.015306,0.01551,0.0043298,-0.0092219,0.011448,0.015102,0.014631,0.020195,0.018473,0.017959,0.015469,0.013733,0.017375,0.014813,0.016474,0.01647,0.015998,0.016858,0.017858,0.012995,0.0019841,0.00077129,7.733e-05,0.0011249,0.0016473,0.010916,0.018183,0.01178,0.0082318,0.0062297,0.0033041,0.0027617,0.0021431,0.00228,-0.00069587,-0.0043041,-0.0048597,-0.003863,-0.005743,-0.002074,-0.0025847,-0.0046917,-0.0052311,-0.0039176,-0.0028555,-0.0016206,-0.0014115,-0.0020862,-0.0061394
0,0,0,0,0,0,0,0,0,0,0,0,0,0,0,0,0,0,0,0,0,0,0,0,0,0,0,0,0,0,0,0,0,0,0,0,0,0,0,0,0,0,0,0,0,0,0,0,0,0.030405,-0.011969,-0.013474,-0.0086419,-0.016138,-0.0098812,-0.041605,-0.051313,-0.052635,-0.054152,-0.052897,-0.051465,-0.050886,-0.051594,-0.053372,-0.055928,-0.057936,-0.058953,-0.058828,-0.059169,-0.059482,-0.0557,-0.050817,-0.049171,-0.051752,-0.052009,-0.04973,-0.045889,-0.052243,-0.049364,-0.046159,-0.046108,-0.042127,-0.042346,-0.040259,-0.040556,-0.047285,-0.045675,-0.044683,-0.046863,-0.045592,-0.047294,-0.048013,-0.04704,-0.044861,-0.047538,-0.048299,-0.050243,-0.050803,-0.052782,-0.051735
0,0,0,0,0,0,0,0,0,0,0,0,0,0,0,0,0,0,0,0,0,0,0,0,0,0,0,0,0,0,0,0,0,0,0,0,0,0,0,0,0,0,0,0,0,0,0,0,0,0,0.052392,0.072556,0.069528,0.080997,0.079843,0.094162,0.10876,0.11202,0.10755,0.10742,0.10552,0.10324,0.1054,0.099924,0.10045,0.098346,0.098028,0.09979,0.099659,0.099796,0.099378,0.095038,0.094037,0.098128,0.098795,0.098545,0.09784,0.098099,0.094646,0.09167,0.092411,0.092336,0.092052,0.0898,0.088951,0.087237,0.088198,0.088152,0.091652,0.089499,0.088502,0.087032,0.08577,0.085254,0.093517,0.094507,0.09633,0.097103,0.096425,0.098098
0,0,0,0,0,0,0,0,0,0,0,0,0,0,0,0,0,0,0,0,0,0,0,0,0,0,0,0,0,0,0,0,0,0,0,0,0,0,0,0,0,0,0,0,0,0,0,0,0,0,0,-0.025177,-0.045562,-0.04902,-0.050771,-0.043775,-0.050526,-0.055273,-0.044235,-0.046426,-0.045437,-0.042037,-0.044243,-0.036957,-0.032466,-0.032365,-0.033072,-0.032042,-0.030009,-0.030087,-0.030114,-0.030741,-0.028641,-0.030548,-0.032617,-0.030629,-0.035623,-0.037209,-0.035554,-0.033089,-0.032936,-0.034604,-0.031917,-0.029281,-0.028765,-0.020156,-0.019459,-0.020735,-0.021637,-0.018156,-0.012257,-0.011223,-0.0096253,-0.0095263,-0.011327,-0.013192,-0.015139,-0.015459,-0.015577,-0.017419
0,0,0,0,0,0,0,0,0,0,0,0,0,0,0,0,0,0,0,0,0,0,0,0,0,0,0,0,0,0,0,0,0,0,0,0,0,0,0,0,0,0,0,0,0,0,0,0,0,0,0,0,0.023963,0.071612,0.073108,0.060134,0.059234,0.061349,0.045382,0.051512,0.05107,0.049089,0.04952,0.040496,0.035353,0.039572,0.040993,0.042671,0.043313,0.043064,0.044788,0.044983,0.044331,0.04789,0.048507,0.043828,0.038325,0.042563,0.042668,0.041951,0.042011,0.04173,0.039561,0.041511,0.040679,0.03244,0.032684,0.032814,0.030439,0.029816,0.020256,0.01817,0.017786,0.016817,0.016662,0.016922,0.019877,0.020435,0.024042,0.026919
0,0,0,0,0,0,0,0,0,0,0,0,0,0,0,0,0,0,0,0,0,0,0,0,0,0,0,0,0,0,0,0,0,0,0,0,0,0,0,0,0,0,0,0,0,0,0,0,0,0,0,0,0,-0.059457,-0.039751,-0.035089,-0.031404,-0.031935,-0.024801,-0.033986,-0.032835,-0.031122,-0.03009,-0.024356,-0.017232,-0.021232,-0.021932,-0.02486,-0.023374,-0.023768,-0.031209,-0.033107,-0.032811,-0.03354,-0.033383,-0.031718,-0.02806,-0.024751,-0.022613,-0.020226,-0.020422,-0.020447,-0.018502,-0.021221,-0.020811,-0.010129,-0.0098038,-0.0077223,-0.0079446,-0.01075,-0.0069856,-0.003525,-0.0051146,-0.0046443,-0.0078971,-0.0075417,-0.007793,-0.0093159,-0.010949,-0.01371
0,0,0,0,0,0,0,0,0,0,0,0,0,0,0,0,0,0,0,0,0,0,0,0,0,0,0,0,0,0,0,0,0,0,0,0,0,0,0,0,0,0,0,0,0,0,0,0,0,0,0,0,0,0,-0.023633,-0.060931,-0.062718,-0.063113,-0.064799,-0.060584,-0.062437,-0.067135,-0.072644,-0.072414,-0.077935,-0.071792,-0.072329,-0.071589,-0.074362,-0.074819,-0.073797,-0.066578,-0.066614,-0.066339,-0.066881,-0.067815,-0.071751,-0.07692,-0.074879,-0.0764,-0.077354,-0.077061,-0.078885,-0.07765,-0.077619,-0.071176,-0.071401,-0.073062,-0.070682,-0.070768,-0.067433,-0.068058,-0.065509,-0.065796,-0.064064,-0.063609,-0.064553,-0.064228,-0.067284,-0.064623
0,0,0,0,0,0,0,0,0,0,0,0,0,0,0,0,0,0,0,0,0,0,0,0,0,0,0,0,0,0,0,0,0,0,0,0,0,0,0,0,0,0,0,0,0,0,0,0,0,0,0,0,0,0,0,0.046853,0.043777,0.04433,0.042809,0.043127,0.044088,0.051449,0.06696,0.053429,0.054549,0.049182,0.049069,0.050746,0.051746,0.052233,0.051856,0.053147,0.052523,0.05261,0.052945,0.052317,0.06839,0.075,0.069524,0.069489,0.069614,0.072008,0.072426,0.070956,0.071422,0.061658,0.059925,0.06221,0.059814,0.063356,0.064865,0.062173,0.060966,0.06144,0.059715,0.059515,0.058833,0.058941,0.060885,0.057132
0,0,0,0,0,0,0,0,0,0,0,0,0,0,0,0,0,0,0,0,0,0,0,0,0,0,0,0,0,0,0,0,0,0,0,0,0,0,0,0,0,0,0,0,0,0,0,0,0,0,0,0,0,0,0,0,0.0033479,0.012118,0.014039,0.011847,0.013795,0.010189,-0.013126,0.023605,0.032168,0.0336,0.034475,0.033773,0.034941,0.035411,0.042491,0.042869,0.041928,0.040212,0.03959,0.040153,0.032156,0.019231,0.023613,0.022837,0.022223,0.021639,0.019458,0.019929,0.019527,0.022232,0.023643,0.024314,0.027532,0.024275,0.024629,0.024407,0.024444,0.024492,0.027722,0.028448,0.028934,0.029417,0.026838,0.026874
0,0,0,0,0,0,0,0,0,0,0,0,0,0,0,0,0,0,0,0,0,0,0,0,0,0,0,0,0,0,0,0,0,0,0,0,0,0,0,0,0,0,0,0,0,0,0,0,0,0,0,0,0,0,0,0,0,-0.010641,0.017788,0.019049,0.016883,0.012725,0.023452,-0.03085,-0.055242,-0.048508,-0.049191,-0.050154,-0.050054,-0.050932,-0.062468,-0.070113,-0.071316,-0.073022,-0.071822,-0.072847,-0.06999,-0.067468,-0.072739,-0.074656,-0.072916,-0.071633,-0.070073,-0.069824,-0.069703,-0.073691,-0.075065,-0.076619,-0.074796,-0.070315,-0.069265,-0.066279,-0.067107,-0.068112,-0.068431,-0.069963,-0.071853,-0.071981,-0.069814,-0.068228
0,0,0,0,0,0,0,0,0,0,0,0,0,0,0,0,0,0,0,0,0,0,0,0,0,0,0,0,0,0,0,0,0,0,0,0,0,0,0,0,0,0,0,0,0,0,0,0,0,0,0,0,0,0,0,0,0,0,-0.03447,-0.031444,-0.031081,-0.025754,-0.022512,0.0025059,0.038795,0.019482,0.0215,0.022895,0.021268,0.022096,0.026855,0.036371,0.037863,0.035778,0.035988,0.038217,0.034567,0.036979,0.03676,0.041339,0.040647,0.03686,0.036925,0.037649,0.036586,0.038016,0.039608,0.039867,0.037091,0.038717,0.036956,0.034536,0.032518,0.032883,0.028173,0.028569,0.032405,0.032581,0.032961,0.033648
0,0,0,0,0,0,0,0,0,0,0,0,0,0,0,0,0,0,0,0,0,0,0,0,0,0,0,0,0,0,0,0,0,0,0,0,0,0,0,0,0,0,0,0,0,0,0,0,0,0,0,0,0,0,0,0,0,0,0,-0.0035123,-0.018016,-0.019253,-0.026792,-0.023464,-0.040045,-0.011821,-0.017695,-0.023119,-0.021531,-0.022002,-0.031178,-0.033652,-0.03309,-0.029487,-0.029744,-0.028703,-0.025786,-0.026813,-0.025071,-0.026821,-0.026615,-0.025076,-0.024393,-0.02355,-0.023121,-0.019964,-0.02035,-0.021087,-0.020009,-0.023178,-0.027435,-0.024008,-0.022912,-0.021249,-0.020008,-0.018839,-0.02014,-0.020784,-0.025091,-0.025625
0,0,0,0,0,0,0,0,0,0,0,0,0,0,0,0,0,0,0,0,0,0,0,0,0,0,0,0,0,0,0,0,0,0,0,0,0,0,0,0,0,0,0,0,0,0,0,0,0,0,0,0,0,0,0,0,0,0,0,0,0.017788,0.046589,0.049806,0.035775,0.035606,0.02284,0.031713,0.046841,0.042525,0.042537,0.056053,0.062755,0.061108,0.06038,0.058935,0.059065,0.052328,0.054164,0.052704,0.052146,0.052685,0.05254,0.054099,0.051946,0.051742,0.053252,0.054666,0.055059,0.053185,0.054162,0.05825,0.06008,0.059078,0.057769,0.064052,0.064127,0.062025,0.062126,0.0687,0.071212
0,0,0,0,0,0,0,0,0,0,0,0,0,0,0,0,0,0,0,0,0,0,0,0,0,0,0,0,0,0,0,0,0,0,0,0,0,0,0,0,0,0,0,0,0,0,0,0,0,0,0,0,0,0,0,0,0,0,0,0,0,-0.035397,-0.048158,-0.040698,-0.033606,-0.032505,-0.03674,-0.059424,-0.047581,-0.045961,-0.054504,-0.065941,-0.064473,-0.066389,-0.063787,-0.067068,-0.076156,-0.073626,-0.070867,-0.071406,-0.07171,-0.07293,-0.076881,-0.07469,-0.073755,-0.070552,-0.071745,-0.070457,-0.069643,-0.071589,-0.074714,-0.077791,-0.076663,-0.075082,-0.080009,-0.081374,-0.081865,-0.081058,-0.084347,-0.089583
0,0,0,0,0,0,0,0,0,0,0,0,0,0,0,0,0,0,0,0,0,0,0,0,0,0,0,0,0,0,0,0,0,0,0,0,0,0,0,0,0,0,0,0,0,0,0,0,0,0,0,0,0,0,0,0,0,0,0,0,0,0,0.016043,0.018,0.013594,0.017923,0.015878,0.026573,0.0087523,0.0040466,0.0040998,0.012242,0.011669,0.012575,0.011185,0.015423,0.019693,0.028414,0.028994,0.029828,0.030402,0.031155,0.032726,0.029819,0.029811,0.020683,0.020636,0.020662,0.021191,0.022072,0.025876,0.027091,0.026646,0.02706,0.03328,0.034456,0.036662,0.036577,0.036871,0.038831
0,0,0,0,0,0,0,0,0,0,0,0,0,0,0,0,0,0,0,0,0,0,0,0,0,0,0,0,0,0,0,0,0,0,0,0,0,0,0,0,0,0,0,0,0,0,0,0,0,0,0,0,0,0,0,0,0,0,0,0,0,0,0,-0.0016448,-0.018105,-0.02137,-0.017733,-0.013796,-0.0053472,0.0016457,0.003969,0.00058624,0.00038875,0.001481,0.0039499,0.0023844,0.016886,0.010342,0.014226,0.014946,0.013949,0.012666,0.012828,0.013023,0.012295,0.01975,0.019473,0.019993,0.020927,0.022353,0.021336,0.019329,0.020389,0.019268,0.021503,0.020033,0.01811,0.016969,0.01436,0.016884
0,0,0,0,0,0,0,0,0,0,0,0,0,0,0,0,0,0,0,0,0,0,0,0,0,0,0,0,0,0,0,0,0,0,0,0,0,0,0,0,0,0,0,0,0,0,0,0,0,0,0,0,0,0,0,0,0,0,0,0,0,0,0,0,0.019507,-0.0014616,-0.002729,-0.01069,-0.0070373,-0.010267,-0.012159,-0.0048749,-0.0013177,-0.0028997,-0.0061974,-0.0025482,-0.019904,-0.024741,-0.028999,-0.031769,-0.032247,-0.030337,-0.029557,-0.028839,-0.028276,-0.037283,-0.038554,-0.040756,-0.040105,-0.039353,-0.036201,-0.035364,-0.036255,-0.036041,-0.041044,-0.04194,-0.039353,-0.038447,-0.040617,-0.039741
0,0,0,0,0,0,0,0,0,0,0,0,0,0,0,0,0,0,0,0,0,0,0,0,0,0,0,0,0,0,0,0,0,0,0,0,0,0,0,0,0,0,0,0,0,0,0,0,0,0,0,0,0,0,0,0,0,0,0,0,0,0,0,0,0,0.025138,0.038049,0.041035,0.034253,0.033656,0.03413,0.022126,0.011676,0.017583,0.019569,0.014005,0.034253,0.043274,0.043377,0.042138,0.042086,0.043361,0.042585,0.04219,0.042129,0.042105,0.045121,0.04633,0.04368,0.044663,0.041282,0.042257,0.042364,0.041794,0.043353,0.044885,0.046696,0.045654,0.047199,0.044339
0,0,0,0,0,0,0,0,0,0,0,0,0,0,0,0,0,0,0,0,0,0,0,0,0,0,0,0,0,0,0,0,0,0,0,0,0,0,0,0,0,0,0,0,0,0,0,0,0,0,0,0,0,0,0,0,0,0,0,0,0,0,0,0,0,0,-0.015879,-0.038102,-0.035633,-0.033762,-0.046067,-0.040491,-0.024889,-0.041938,-0.041313,-0.037646,-0.05523,-0.064627,-0.061414,-0.056154,-0.05459,-0.054688,-0.055603,-0.054833,-0.054451,-0.052352,-0.053598,-0.054503,-0.052021,-0.055866,-0.055733,-0.054943,-0.056778,-0.056561,-0.059242,-0.059923,-0.062866,-0.063308,-0.064019,-0.061706
0,0,0,0,0,0,0,0,0,0,0,0,0,0,0,0,0,0,0,0,0,0,0,0,0,0,0,0,0,0,0,0,0,0,0,0,0,0,0,0,0,0,0,0,0,0,0,0,0,0,0,0,0,0,0,0,0,0,0,0,0,0,0,0,0,0,0,0.02748,0.0047693,0.0039197,0.013381,0.02551,0.018374,0.044066,0.041515,0.040623,0.046879,0.054228,0.051786,0.048055,0.046115,0.042745,0.045306,0.045612,0.044998,0.04316,0.043041,0.042724,0.039632,0.042324,0.042485,0.043656,0.044495,0.045623,0.046154,0.04699,0.048664,0.04961,0.051733,0.048489
0,0,0,0,0,0,0,0,0,0,0,0,0,0,0,0,0,0,0,0,0,0,0,0,0,0,0,0,0,0,0,0,0,0,0,0,0,0,0,0,0,0,0,0,0,0,0,0,0,0,0,0,0,0,0,0,0,0,0,0,0,0,0,0,0,0,0,0,0.02793,0.029448,0.030132,0.018122,0.016346,0.0046354,0.0081886,0.0093299,0.036616,0.034235,0.034736,0.04101,0.041556,0.045589,0.046643,0.048361,0.04787,0.051995,0.051626,0.051782,0.052159,0.049198,0.045023,0.041432,0.040911,0.040946,0.044791,0.044544,0.042722,0.042312,0.040815,0.038333
0,0,0,0,0,0,0,0,0,0,0,0,0,0,0,0,0,0,0,0,0,0,0,0,0,0,0,0,0,0,0,0,0,0,0,0,0,0,0,0,0,0,0,0,0,0,0,0,0,0,0,0,0,0,0,0,0,0,0,0,0,0,0,0,0,0,0,0,0,-0.0020181,0.098932,0.099763,0.10417,0.099536,0.097887,0.095866,0.014252,-0.0037995,-0.0023982,-0.010255,-0.011804,-0.01288,-0.01705,-0.01858,-0.018012,-0.015946,-0.01562,-0.016082,-0.015836,-0.015626,-0.0078741,-0.0054229,-0.0036565,-0.0031224,-0.0022643,-0.0027511,-0.0023634,-0.0018936,0.00019179,0.0041374
0,0,0,0,0,0,0,0,0,0,0,0,0,0,0,0,0,0,0,0,0,0,0,0,0,0,0,0,0,0,0,0,0,0,0,0,0,0,0,0,0,0,0,0,0,0,0,0,0,0,0,0,0,0,0,0,0,0,0,0,0,0,0,0,0,0,0,0,0,0,-0.12329,-0.21416,-0.21616,-0.20731,-0.20503,-0.20407,-0.083245,-0.035961,-0.043401,-0.039829,-0.037411,-0.034164,-0.031433,-0.031517,-0.030597,-0.025494,-0.024958,-0.023575,-0.023865,-0.023612,-0.026253,-0.029013,-0.028504,-0.030406,-0.02833,-0.028757,-0.028274,-0.028374,-0.030166,-0.03253
0,0,0,0,0,0,0,0,0,0,0,0,0,0,0,0,0,0,0,0,0,0,0,0,0,0,0,0,0,0,0,0,0,0,0,0,0,0,0,0,0,0,0,0,0,0,0,0,0,0,0,0,0,0,0,0,0,0,0,0,0,0,0,0,0,0,0,0,0,0,0,0.11129,0.11745,0.1135,0.11247,0.11714,0.062737,-0.0044976,0.014069,0.019382,0.017843,0.012847,0.0077382,0.0088615,0.0072522,0.00022234,-0.0016575,-0.0010396,0.00038787,-0.00023716,-0.00050154,-0.00020494,-0.0023382,-0.0015371,-0.0087868,-0.0092311,-0.0082593,-0.0088564,-0.0084309,-0.0059629
0,0,0,0,0,0,0,0,0,0,0,0,0,0,0,0,0,0,0,0,0,0,0,0,0,0,0,0,0,0,0,0,0,0,0,0,0,0,0,0,0,0,0,0,0,0,0,0,0,0,0,0,0,0,0,0,0,0,0,0,0,0,0,0,0,0,0,0,0,0,0,0,-0.0076093,0.016631,0.016334,0.012433,0.010321,0.039166,0.011998,-0.0024729,-0.0021532,0.0010515,0.0072811,0.0058781,0.0065707,0.0087966,0.0082096,0.0085356,0.0089781,0.011198,0.010388,0.010567,0.011773,0.011296,0.014944,0.016474,0.017278,0.017113,0.013695,0.013151
0,0,0,0,0,0,0,0,0,0,0,0,0,0,0,0,0,0,0,0,0,0,0,0,0,0,0,0,0,0,0,0,0,0,0,0,0,0,0,0,0,0,0,0,0,0,0,0,0,0,0,0,0,0,0,0,0,0,0,0,0,0,0,0,0,0,0,0,0,0,0,0,0,-0.029118,-0.049732,-0.049154,-0.025166,-0.019611,-0.0076187,0.013474,0.013158,0.012633,0.0099025,0.010868,0.0092769,0.012105,0.014806,0.01293,0.014588,0.015409,0.015885,0.015442,0.015424,0.015201,0.01216,0.01105,0.00855,0.0082318,0.0098108,0.0092174
0,0,0,0,0,0,0,0,0,0,0,0,0,0,0,0,0,0,0,0,0,0,0,0,0,0,0,0,0,0,0,0,0,0,0,0,0,0,0,0,0,0,0,0,0,0,0,0,0,0,0,0,0,0,0,0,0,0,0,0,0,0,0,0,0,0,0,0,0,0,0,0,0,0,0.024676,-0.015615,-0.030686,-0.047019,-0.042428,-0.051944,-0.051534,-0.051459,-0.055698,-0.055384,-0.053214,-0.055332,-0.057139,-0.055478,-0.057432,-0.055856,-0.055008,-0.053197,-0.05263,-0.052547,-0.052921,-0.051678,-0.049502,-0.0483,-0.048243,-0.04949
0,0,0,0,0,0,0,0,0,0,0,0,0,0,0,0,0,0,0,0,0,0,0,0,0,0,0,0,0,0,0,0,0,0,0,0,0,0,0,0,0,0,0,0,0,0,0,0,0,0,0,0,0,0,0,0,0,0,0,0,0,0,0,0,0,0,0,0,0,0,0,0,0,0,0,0.048228,0.0075171,0.017938,0.0088715,0.011329,0.011245,0.011263,0.022918,0.01953,0.018334,0.018065,0.021586,0.021563,0.021814,0.018641,0.013968,0.014805,0.01355,0.013272,0.013465,0.013374,0.010657,0.010011,0.011941,0.01085
0,0,0,0,0,0,0,0,0,0,0,0,0,0,0,0,0,0,0,0,0,0,0,0,0,0,0,0,0,0,0,0,0,0,0,0,0,0,0,0,0,0,0,0,0,0,0,0,0,0,0,0,0,0,0,0,0,0,0,0,0,0,0,0,0,0,0,0,0,0,0,0,0,0,0,0,0.048166,0.031974,0.036477,0.039096,0.037055,0.036845,0.019941,0.028172,0.027557,0.030655,0.026532,0.027283,0.028458,0.030078,0.029397,0.030828,0.030191,0.031229,0.030282,0.030195,0.030577,0.031092,0.032451,0.035727
0,0,0,0,0,0,0,0,0,0,0,0,0,0,0,0,0,0,0,0,0,0,0,0,0,0,0,0,0,0,0,0,0,0,0,0,0,0,0,0,0,0,0,0,0,0,0,0,0,0,0,0,0,0,0,0,0,0,0,0,0,0,0,0,0,0,0,0,0,0,0,0,0,0,0,0,0,0.017208,-0.01054,-0.013899,-0.012294,-0.0081651,-0.00045038,-0.012353,-0.010388,-0.021598,-0.019906,-0.021636,-0.022985,-0.022058,-0.015984,-0.018667,-0.017257,-0.016764,-0.012849,-0.012722,-0.012576,-0.012494,-0.016659,-0.019515
0,0,0,0,0,0,0,0,0,0,0,0,0,0,0,0,0,0,0,0,0,0,0,0,0,0,0,0,0,0,0,0,0,0,0,0,0,0,0,0,0,0,0,0,0,0,0,0,0,0,0,0,0,0,0,0,0,0,0,0,0,0,0,0,0,0,0,0,0,0,0,0,0,0,0,0,0,0,0.033169,0.0061664,0.0060473,0.0031903,0.0010588,0.0063823,0.0036509,0.030162,0.033265,0.034778,0.035256,0.034941,0.030376,0.031382,0.033134,0.033197,0.035232,0.034571,0.034288,0.034298,0.036297,0.039999
0,0,0,0,0,0,0,0,0,0,0,0,0,0,0,0,0,0,0,0,0,0,0,0,0,0,0,0,0,0,0,0,0,0,0,0,0,0,0,0,0,0,0,0,0,0,0,0,0,0,0,0,0,0,0,0,0,0,0,0,0,0,0,0,0,0,0,0,0,0,0,0,0,0,0,0,0,0,0,0.032508,0.049527,0.049487,0.047152,0.04852,0.049789,0.011009,0.002581,0.0012625,0.0021769,0.0010235,0.0096575,0.010768,0.007403,0.0058315,0.0067433,0.0062691,0.0073844,0.0075005,0.0077934,0.0070596
0,0,0,0,0,0,0,0,0,0,0,0,0,0,0,0,0,0,0,0,0,0,0,0,0,0,0,0,0,0,0,0,0,0,0,0,0,0,0,0,0,0,0,0,0,0,0,0,0,0,0,0,0,0,0,0,0,0,0,0,0,0,0,0,0,0,0,0,0,0,0,0,0,0,0,0,0,0,0,0,-0.020565,-0.055561,-0.052687,-0.056233,-0.057575,-0.040276,-0.028354,-0.02553,-0.029189,-0.027253,-0.037005,-0.037672,-0.03638,-0.034837,-0.040956,-0.04165,-0.040816,-0.041429,-0.041193,-0.041283
0,0,0,0,0,0,0,0,0,0,0,0,0,0,0,0,0,0,0,0,0,0,0,0,0,0,0,0,0,0,0,0,0,0,0,0,0,0,0,0,0,0,0,0,0,0,0,0,0,0,0,0,0,0,0,0,0,0,0,0,0,0,0,0,0,0,0,0,0,0,0,0,0,0,0,0,0,0,0,0,0,0.042167,0.064102,0.066111,0.066441,0.074288,0.069008,0.064824,0.0736,0.069791,0.073024,0.072554,0.068882,0.068933,0.073878,0.075188,0.076766,0.076361,0.075093,0.075517
0,0,0,0,0,0,0,0,0,0,0,0,0,0,0,0,0,0,0,0,0,0,0,0,0,0,0,0,0,0,0,0,0,0,0,0,0,0,0,0,0,0,0,0,0,0,0,0,0,0,0,0,0,0,0,0,0,0,0,0,0,0,0,0,0,0,0,0,0,0,0,0,0,0,0,0,0,0,0,0,0,0,-0.026464,-0.035362,-0.034932,-0.048859,-0.047781,-0.04603,-0.058732,-0.049697,-0.041302,-0.040007,-0.035042,-0.034297,-0.033308,-0.033874,-0.036001,-0.036271,-0.0372,-0.038894
0,0,0,0,0,0,0,0,0,0,0,0,0,0,0,0,0,0,0,0,0,0,0,0,0,0,0,0,0,0,0,0,0,0,0,0,0,0,0,0,0,0,0,0,0,0,0,0,0,0,0,0,0,0,0,0,0,0,0,0,0,0,0,0,0,0,0,0,0,0,0,0,0,0,0,0,0,0,0,0,0,0,0,0.010702,0.022296,0.029109,0.030893,0.03346,0.038908,0.025877,0.0045027,0.00093563,-0.0014308,-0.003088,-0.0014841,-0.0019665,-0.001764,-0.00061574,0.0024299,0.0015678
0,0,0,0,0,0,0,0,0,0,0,0,0,0,0,0,0,0,0,0,0,0,0,0,0,0,0,0,0,0,0,0,0,0,0,0,0,0,0,0,0,0,0,0,0,0,0,0,0,0,0,0,0,0,0,0,0,0,0,0,0,0,0,0,0,0,0,0,0,0,0,0,0,0,0,0,0,0,0,0,0,0,0,0,-0.013935,-0.066361,-0.068426,-0.071088,-0.068521,-0.063001,-0.032517,-0.023582,-0.025549,-0.024332,-0.029159,-0.028803,-0.027452,-0.028322,-0.025979,-0.028363
0,0,0,0,0,0,0,0,0,0,0,0,0,0,0,0,0,0,0,0,0,0,0,0,0,0,0,0,0,0,0,0,0,0,0,0,0,0,0,0,0,0,0,0,0,0,0,0,0,0,0,0,0,0,0,0,0,0,0,0,0,0,0,0,0,0,0,0,0,0,0,0,0,0,0,0,0,0,0,0,0,0,0,0,0,0.062926,0.04966,0.050497,0.045985,0.04994,0.036546,0.023785,0.029023,0.028303,0.032138,0.032255,0.030829,0.030698,0.024453,0.027438
0,0,0,0,0,0,0,0,0,0,0,0,0,0,0,0,0,0,0,0,0,0,0,0,0,0,0,0,0,0,0,0,0,0,0,0,0,0,0,0,0,0,0,0,0,0,0,0,0,0,0,0,0,0,0,0,0,0,0,0,0,0,0,0,0,0,0,0,0,0,0,0,0,0,0,0,0,0,0,0,0,0,0,0,0,0,0.016064,-0.0022407,0.0001487,-0.0053506,-0.0037857,0.0014048,-0.0060087,-0.004189,-0.0079667,-0.0084065,-0.0076441,-0.0079053,-0.0048379,-0.0050806
0,0,0,0,0,0,0,0,0,0,0,0,0,0,0,0,0,0,0,0,0,0,0,0,0,0,0,0,0,0,0,0,0,0,0,0,0,0,0,0,0,0,0,0,0,0,0,0,0,0,0,0,0,0,0,0,0,0,0,0,0,0,0,0,0,0,0,0,0,0,0,0,0,0,0,0,0,0,0,0,0,0,0,0,0,0,0,0.021935,0.0081873,0.010658,0.016126,0.019594,0.022994,0.020304,0.030329,0.031779,0.032191,0.032943,0.026477,0.024632
0,0,0,0,0,0,0,0,0,0,0,0,0,0,0,0,0,0,0,0,0,0,0,0,0,0,0,0,0,0,0,0,0,0,0,0,0,0,0,0,0,0,0,0,0,0,0,0,0,0,0,0,0,0,0,0,0,0,0,0,0,0,0,0,0,0,0,0,0,0,0,0,0,0,0,0,0,0,0,0,0,0,0,0,0,0,0,0,0.016372,-0.0093207,-0.014769,-0.019769,-0.022388,-0.021337,-0.036213,-0.040128,-0.043343,-0.043986,-0.035614,-0.033674
0,0,0,0,0,0,0,0,0,0,0,0,0,0,0,0,0,0,0,0,0,0,0,0,0,0,0,0,0,0,0,0,0,0,0,0,0,0,0,0,0,0,0,0,0,0,0,0,0,0,0,0,0,0,0,0,0,0,0,0,0,0,0,0,0,0,0,0,0,0,0,0,0,0,0,0,0,0,0,0,0,0,0,0,0,0,0,0,0,0.030771,0.0035143,0.0059141,0.0059287,0.0080855,0.01404,0.019658,0.02824,0.028896,0.0252,0.024166
0,0,0,0,0,0,0,0,0,0,0,0,0,0,0,0,0,0,0,0,0,0,0,0,0,0,0,0,0,0,0,0,0,0,0,0,0,0,0,0,0,0,0,0,0,0,0,0,0,0,0,0,0,0,0,0,0,0,0,0,0,0,0,0,0,0,0,0,0,0,0,0,0,0,0,0,0,0,0,0,0,0,0,0,0,0,0,0,0,0,0.033078,0.012742,0.01418,0.012147,0.020222,0.017957,0.0056188,0.0037978,-0.00093555,-0.0015343
0,0,0,0,0,0,0,0,0,0,0,0,0,0,0,0,0,0,0,0,0,0,0,0,0,0,0,0,0,0,0,0,0,0,0,0,0,0,0,0,0,0,0,0,0,0,0,0,0,0,0,0,0,0,0,0,0,0,0,0,0,0,0,0,0,0,0,0,0,0,0,0,0,0,0,0,0,0,0,0,0,0,0,0,0,0,0,0,0,0,0,0.024313,0.047617,0.048089,0.039621,0.038086,0.043102,0.045796,0.05754,0.061875
0,0,0,0,0,0,0,0,0,0,0,0,0,0,0,0,0,0,0,0,0,0,0,0,0,0,0,0,0,0,0,0,0,0,0,0,0,0,0,0,0,0,0,0,0,0,0,0,0,0,0,0,0,0,0,0,0,0,0,0,0,0,0,0,0,0,0,0,0,0,0,0,0,0,0,0,0,0,0,0,0,0,0,0,0,0,0,0,0,0,0,0,-0.028305,-0.043177,-0.040409,-0.038301,-0.03601,-0.037051,-0.053285,-0.064824
0,0,0,0,0,0,0,0,0,0,0,0,0,0,0,0,0,0,0,0,0,0,0,0,0,0,0,0,0,0,0,0,0,0,0,0,0,0,0,0,0,0,0,0,0,0,0,0,0,0,0,0,0,0,0,0,0,0,0,0,0,0,0,0,0,0,0,0,0,0,0,0,0,0,0,0,0,0,0,0,0,0,0,0,0,0,0,0,0,0,0,0,0,0.018026,-0.034328,-0.035378,-0.039156,-0.04051,-0.033397,-0.016878
0,0,0,0,0,0,0,0,0,0,0,0,0,0,0,0,0,0,0,0,0,0,0,0,0,0,0,0,0,0,0,0,0,0,0,0,0,0,0,0,0,0,0,0,0,0,0,0,0,0,0,0,0,0,0,0,0,0,0,0,0,0,0,0,0,0,0,0,0,0,0,0,0,0,0,0,0,0,0,0,0,0,0,0,0,0,0,0,0,0,0,0,0,0,0.063054,0.071461,0.073595,0.074988,0.071293,0.064665
0,0,0,0,0,0,0,0,0,0,0,0,0,0,0,0,0,0,0,0,0,0,0,0,0,0,0,0,0,0,0,0,0,0,0,0,0,0,0,0,0,0,0,0,0,0,0,0,0,0,0,0,0,0,0,0,0,0,0,0,0,0,0,0,0,0,0,0,0,0,0,0,0,0,0,0,0,0,0,0,0,0,0,0,0,0,0,0,0,0,0,0,0,0,0,-0.010065,-0.020899,-0.021452,-0.022257,-0.025486
0,0,0,0,0,0,0,0,0,0,0,0,0,0,0,0,0,0,0,0,0,0,0,0,0,0,0,0,0,0,0,0,0,0,0,0,0,0,0,0,0,0,0,0,0,0,0,0,0,0,0,0,0,0,0,0,0,0,0,0,0,0,0,0,0,0,0,0,0,0,0,0,0,0,0,0,0,0,0,0,0,0,0,0,0,0,0,0,0,0,0,0,0,0,0,0,0.012964,0.021478,0.024027,0.029321
0,0,0,0,0,0,0,0,0,0,0,0,0,0,0,0,0,0,0,0,0,0,0,0,0,0,0,0,0,0,0,0,0,0,0,0,0,0,0,0,0,0,0,0,0,0,0,0,0,0,0,0,0,0,0,0,0,0,0,0,0,0,0,0,0,0,0,0,0,0,0,0,0,0,0,0,0,0,0,0,0,0,0,0,0,0,0,0,0,0,0,0,0,0,0,0,0,-0.010247,0.024416,0.021303
0,0,0,0,0,0,0,0,0,0,0,0,0,0,0,0,0,0,0,0,0,0,0,0,0,0,0,0,0,0,0,0,0,0,0,0,0,0,0,0,0,0,0,0,0,0,0,0,0,0,0,0,0,0,0,0,0,0,0,0,0,0,0,0,0,0,0,0,0,0,0,0,0,0,0,0,0,0,0,0,0,0,0,0,0,0,0,0,0,0,0,0,0,0,0,0,0,0,-0.042025,-0.027957
0,0,0,0,0,0,0,0,0,0,0,0,0,0,0,0,0,0,0,0,0,0,0,0,0,0,0,0,0,0,0,0,0,0,0,0,0,0,0,0,0,0,0,0,0,0,0,0,0,0,0,0,0,0,0,0,0,0,0,0,0,0,0,0,0,0,0,0,0,0,0,0,0,0,0,0,0,0,0,0,0,0,0,0,0,0,0,0,0,0,0,0,0,0,0,0,0,0,0,-0.016748
