,s0_diff,s1_diff,s2_diff
0,0.0,8.400000000000006,0.0
1,2.0,8.400000000000063,0.0
2,18.0,8.999999999999972,0.6666666666666714
3,12.0,18.0,4.833333333333329
4,13.0,20.0,5.300000000000011
5,45.0,20.0,9.0
6,12.0,20.399999999999977,18.0
7,18.0,19.80000000000001,20.0
8,14.0,13.399999999999977,20.0
9,10.0,12.400000000000034,20.399999999999977
10,13.0,10.199999999999989,19.80000000000001
11,7.0,7.599999999999966,13.399999999999977
12,7.0,4.2000000000000455,12.400000000000034
13,1.0,0.19999999999998863,10.199999999999989
14,-7.0,-3.0,7.600000000000023
15,-7.0,-5.599999999999966,4.199999999999989
16,-9.0,-6.800000000000011,0.19999999999998863
17,-6.0,-5.599999999999966,-3.0
18,-5.0,-3.800000000000068,-5.600000000000023
19,-1.0,-2.3999999999999773,-6.7999999999999545
20,2.0,-1.6000000000000227,-5.600000000000023
21,-2.0,-1.1999999999999886,-3.8000000000000114
22,-2.0,-1.8000000000000114,-2.3999999999999773
23,-3.0,-2.7999999999999545,-1.6000000000000227
24,-4.0,-2.200000000000017,-1.1999999999999886
25,-3.0,-1.4000000000000057,-1.8000000000000114
26,1.0,-0.20000000000001705,-2.8000000000000114
27,2.0,1.400000000000034,-2.1999999999999886
28,3.0,1.4000000000000057,-1.3999999999999773
29,4.0,0.0,-0.20000000000001705
30,-3.0,-0.8000000000000114,1.4000000000000057
31,-6.0,-0.8000000000000114,1.3999999999999773
32,-2.0,0.19999999999998863,0.0
33,3.0,3.400000000000034,-0.799999999999983
34,9.0,6.599999999999966,-0.799999999999983
35,13.0,6.599999999999966,0.19999999999998863
36,10.0,6.800000000000011,3.3999999999999773
37,-2.0,4.800000000000011,6.600000000000023
38,4.0,2.0,6.600000000000023
39,-1.0,0.39999999999997726,6.7999999999999545
40,-1.0,0.4000000000000341,4.800000000000011
41,2.0,-0.8000000000000114,2.0
42,-2.0,-0.39999999999997726,0.4000000000000341
43,-2.0,-0.4000000000000341,0.39999999999997726
44,1.0,-0.19999999999998863,-0.8000000000000114
45,-1.0,0.39999999999997726,-0.39999999999997726
46,3.0,1.6000000000000227,-0.4000000000000341
47,1.0,1.2000000000000455,-0.19999999999998863
48,4.0,0.7999999999999545,0.4000000000000341
49,-1.0,0.4000000000000341,1.599999999999966
50,-3.0,1.599999999999966,1.1999999999999886
51,1.0,3.0,0.8000000000000114
52,7.0,4.399999999999977,0.4000000000000341
53,11.0,4.0,1.599999999999966
54,6.0,3.2000000000000455,3.0
55,-5.0,1.599999999999966,4.400000000000034
56,-3.0,-1.9999999999999432,4.0
57,-1.0,-4.800000000000068,3.1999999999999886
58,-7.0,-5.199999999999989,1.599999999999966
59,-8.0,-5.7999999999999545,-2.0
60,-7.0,-7.600000000000023,-4.7999999999999545
61,-6.0,-10.600000000000023,-5.2000000000000455
62,-10.0,-10.799999999999955,-5.7999999999999545
63,-22.0,-9.400000000000006,-7.600000000000023
64,-9.0,-7.800000000000011,-10.600000000000023
65,0.0,-5.999999999999972,-10.799999999999955
66,2.0,-2.8000000000000114,-9.400000000000034
67,-1.0,-1.6000000000000227,-7.799999999999983
68,-6.0,-2.1999999999999886,-6.0
69,-3.0,-4.0,-2.8000000000000114
70,-3.0,-4.199999999999989,-1.5999999999999943
71,-7.0,-2.4000000000000057,-2.1999999999999886
72,-2.0,-1.0000000000000284,-4.0
73,3.0,0.20000000000004547,-4.200000000000017
74,4.0,9.199999999999989,-2.4000000000000057
75,3.0,12.599999999999966,-1.0
76,38.0,12.200000000000045,0.20000000000001705
77,15.0,12.199999999999932,9.199999999999989
78,1.0,12.400000000000034,12.599999999999994
79,4.0,5.0,12.200000000000017
80,4.0,1.3999999999999773,12.200000000000017
81,1.0,5.684341886080802e-14,12.399999999999977
82,-3.0,-2.6000000000000227,5.0
83,-6.0,-7.400000000000034,1.3999999999999773
84,-9.0,-10.399999999999977,0.0
85,-20.0,-12.999999999999972,-2.599999999999966
86,-14.0,-15.400000000000006,-7.400000000000034
87,-16.0,-17.400000000000034,-10.399999999999977
88,-18.0,-14.599999999999966,-13.0
89,-19.0,-13.599999999999994,-15.400000000000006
90,-6.0,-12.200000000000017,-17.400000000000006
91,-9.0,-10.399999999999977,-14.599999999999994
92,-9.0,-8.400000000000006,-13.599999999999994
93,-9.0,-8.599999999999994,-12.199999999999989
94,-9.0,-8.200000000000017,-10.400000000000006
95,-7.0,-7.599999999999994,-8.400000000000006
96,-7.0,-7.599999999999994,-8.599999999999994
97,-6.0,-6.0,-8.200000000000017
98,-9.0,-5.199999999999989,-7.599999999999994
99,-1.0,-4.0,-7.599999999999994
100,-3.0,-2.8000000000000114,-6.0
101,-1.0,-0.4000000000000057,-5.200000000000003
102,0.0,2.842170943040401e-14,-4.0
103,3.0,0.19999999999998863,-2.799999999999997
104,1.0,0.0,-0.4000000000000057
105,-2.0,-0.4000000000000057,0.0
106,-2.0,-1.0,0.20000000000000284
107,-2.0,-1.0,0.0
108,0.0,-0.7999999999999972,-0.3999999999999915
109,1.0,-0.9999999999999858,-1.0
110,-1.0,-1.0000000000000142,-1.0
111,-3.0,-1.3999999999999915,-0.8000000000000114
112,-2.0,-1.8000000000000114,-1.0
113,-2.0,-1.5999999999999943,-1.0
114,-1.0,-1.3999999999999915,-1.3999999999999915
115,0.0,-1.7999999999999972,-1.7999999999999972
116,-2.0,-2.6000000000000227,-1.6000000000000085
117,-4.0,-2.5999999999999943,-1.3999999999999915
118,-6.0,-2.5999999999999943,-1.8000000000000114
119,-1.0,-2.0,-2.5999999999999943
120,0.0,-0.7999999999999972,-2.5999999999999943
121,1.0,0.5999999999999943,-2.6000000000000085
122,2.0,1.2000000000000028,-2.0
123,1.0,1.2000000000000028,-0.7999999999999972
124,2.0,0.5999999999999943,0.5999999999999943
125,0.0,-0.3999999999999915,1.2000000000000028
126,-2.0,-1.0,1.2000000000000028
127,-3.0,-1.6000000000000085,0.5999999999999943
128,-2.0,-1.3999999999999915,-0.3999999999999915
129,-1.0,-0.8000000000000114,-1.0
130,1.0,0.0,-1.6000000000000085
131,1.0,0.8000000000000114,-1.3999999999999915
132,1.0,1.0,-0.7999999999999972
133,2.0,0.799999999999983,0.0
134,0.0,0.6000000000000085,0.7999999999999972
135,0.0,0.6000000000000085,1.0
136,0.0,0.5999999999999943,0.7999999999999972
137,1.0,1.0,0.5999999999999943
138,2.0,1.2000000000000028,0.6000000000000085
139,2.0,1.1999999999999886,0.5999999999999943
140,1.0,1.0000000000000142,1.0
141,0.0,0.5999999999999943,1.2000000000000028
142,0.0,-0.20000000000000284,1.2000000000000028
143,0.0,-1.0,1.0
144,-2.0,-1.3999999999999915,0.5999999999999943
145,-3.0,-1.6000000000000085,-0.20000000000000284
146,-2.0,-1.5999999999999943,-1.0
147,-1.0,-1.6000000000000085,-1.3999999999999915
148,0.0,-2.3999999999999915,-1.6000000000000085
149,-2.0,-2.799999999999997,-1.5999999999999943
150,-7.0,-2.5999999999999943,-1.5999999999999943
151,-4.0,-2.000000000000014,-2.4000000000000057
152,0.0,-0.7999999999999972,-2.799999999999997
153,3.0,1.4000000000000057,-2.6000000000000085
154,4.0,2.999999999999986,-2.0
155,4.0,3.799999999999997,-0.7999999999999972
156,4.0,4.400000000000006,1.4000000000000057
157,4.0,4.6000000000000085,3.0
158,6.0,4.0,3.799999999999997
159,5.0,4.0,4.400000000000006
160,1.0,3.200000000000003,4.599999999999994
161,4.0,1.7999999999999972,4.0
162,0.0,0.3999999999999915,4.0
163,-1.0,0.0,3.200000000000003
164,-2.0,-1.3999999999999915,1.7999999999999972
165,-1.0,-2.6000000000000085,0.4000000000000057
166,-3.0,-3.0,0.0
167,-6.0,-2.0,-1.4000000000000057
168,-3.0,-0.5999999999999943,-2.5999999999999943
169,3.0,0.4399999999999977,-3.0
170,6.0,2.0799999999999983,-2.0
171,2.200000000000003,3.1200000000000045,-0.6000000000000085
172,2.200000000000003,2.9599999999999937,0.4399999999999977
173,2.1999999999999886,2.1999999999999886,2.0800000000000125
174,2.200000000000003,1.7600000000000193,3.1200000000000045
175,2.200000000000003,1.9199999999999875,2.9599999999999937
176,0.0,2.8799999999999955,2.1999999999999886
177,3.0,4.840000000000003,1.759999999999991
178,7.0,7.599999999999994,1.920000000000016
179,12.0,11.0,2.8799999999999955
180,16.0,13.200000000000017,4.840000000000003
181,17.0,14.400000000000006,7.599999999999994
182,14.0,14.399999999999977,11.0
183,13.0,13.0,13.200000000000017
184,12.0,12.0,14.399999999999977
185,9.0,11.999999999999972,14.400000000000006
186,12.0,10.800000000000011,13.0
187,14.0,10.200000000000017,12.0
188,7.0,9.599999999999994,12.0
189,9.0,8.0,10.800000000000011
190,6.0,5.200000000000017,10.199999999999989
191,4.0,3.999999999999943,9.599999999999994
192,0.0,2.0,8.0
193,1.0,1.6000000000000227,5.199999999999989
194,-1.0,1.1999999999999886,4.0
195,4.0,1.0,2.0
196,2.0,0.8000000000000114,1.6000000000000227
197,-1.0,1.1999999999999886,1.1999999999999886
198,0.0,0.4000000000000341,1.0
199,1.0,0.39999999999997726,0.8000000000000114
200,0.0,0.8000000000000114,1.1999999999999886
201,2.0,1.1999999999999886,0.4000000000000341
202,1.0,1.8000000000000114,0.39999999999997726
203,2.0,3.599999999999966,0.8000000000000114
204,4.0,5.000000000000057,1.1999999999999886
205,9.0,5.7999999999999545,1.8000000000000114
206,9.0,6.600000000000023,3.599999999999966
207,5.0,7.199999999999989,5.0
208,6.0,7.0,5.800000000000011
209,7.0,7.399999999999977,6.600000000000023
210,8.0,8.400000000000034,7.199999999999989
211,11.0,7.199999999999989,7.0
212,10.0,5.0,7.399999999999977
213,0.0,1.0,8.400000000000034
214,-4.0,-4.0,7.199999999999989
215,-12.0,-9.400000000000034,5.0
216,-14.0,-12.0,1.0
217,-17.0,-13.399999999999977,-4.0
218,-13.0,-12.0,-9.399999999999977
219,-11.0,-10.399999999999977,-12.0
220,-5.0,-7.399999999999977,-13.400000000000034
221,-6.0,-4.400000000000034,-12.0
222,-2.0,-2.3999999999999773,-10.399999999999977
223,2.0,-1.6000000000000227,-7.400000000000034
224,-1.0,-0.9999999999999432,-4.399999999999977
225,-1.0,-1.6000000000000227,-2.3999999999999773
226,-3.0,-2.3999999999999773,-1.6000000000000227
227,-5.0,-2.0000000000000284,-1.0
228,-2.0,-2.200000000000017,-1.6000000000000227
229,1.0,-6.800000000000011,-2.3999999999999773
230,-2.0,-7.600000000000023,-2.0
231,-26.0,-7.399999999999977,-2.1999999999999886
232,-9.0,-6.800000000000011,-6.800000000000011
233,-1.0,-5.599999999999966,-7.599999999999994
234,4.0,-0.8000000000000114,-7.400000000000006
235,4.0,-0.8000000000000114,-6.800000000000011
236,-2.0,-5.399999999999977,-5.599999999999994
237,-9.0,-10.800000000000011,-0.799999999999983
238,-24.0,-16.80000000000001,-0.8000000000000114
239,-23.0,-21.399999999999977,-5.400000000000006
240,-26.0,-22.799999999999983,-10.799999999999983
241,-25.0,-20.0,-16.80000000000001
242,-16.0,-17.0,-21.400000000000006
243,-10.0,-12.800000000000011,-22.799999999999983
244,-8.0,-8.799999999999983,-20.000000000000014
245,-5.0,-6.599999999999994,-17.0
246,-5.0,-4.800000000000011,-12.799999999999997
247,-5.0,-2.799999999999997,-8.799999999999997
248,-1.0,-1.3999999999999915,-6.6000000000000085
249,2.0,0.19999999999998863,-4.799999999999997
250,2.0,2.0,-2.799999999999997
251,3.0,3.799999999999997,-1.4000000000000057
252,4.0,5.200000000000003,0.20000000000000284
253,8.0,6.400000000000006,2.0
254,9.0,6.999999999999986,3.799999999999997
255,8.0,7.0,5.200000000000003
256,6.0,6.200000000000003,6.400000000000006
257,4.0,5.199999999999989,7.0
258,4.0,3.4000000000000057,7.0
259,4.0,2.200000000000017,6.200000000000003
260,-1.0,2.1999999999999886,5.199999999999989
261,0.0,2.799999999999997,3.4000000000000057
262,4.0,3.200000000000003,2.200000000000003
263,7.0,5.0,2.200000000000003
264,6.0,6.599999999999994,2.799999999999997
265,8.0,7.0,3.200000000000003
266,8.0,6.400000000000006,5.0
267,6.0,5.599999999999994,6.599999999999994
268,4.0,5.200000000000017,7.0
269,2.0,5.599999999999994,6.400000000000006
270,6.0,6.400000000000006,5.599999999999994
271,10.0,7.399999999999977,5.199999999999989
272,10.0,8.600000000000023,5.600000000000023
273,9.0,9.199999999999989,6.399999999999977
274,8.0,9.199999999999989,7.400000000000006
275,9.0,8.799999999999983,8.599999999999994
276,10.0,8.600000000000023,9.200000000000017
277,8.0,8.799999999999983,9.199999999999989
278,8.0,8.799999999999983,8.800000000000011
279,9.0,8.000000000000028,8.599999999999994
280,9.0,7.599999999999966,8.800000000000011
281,6.0,7.0,8.799999999999983
282,6.0,6.400000000000034,8.0
283,5.0,5.999999999999943,7.599999999999994
284,6.0,4.800000000000011,7.0
285,7.0,4.000000000000057,6.400000000000034
286,0.0,2.7999999999999545,6.0
287,2.0,1.3999999999999773,4.7999999999999545
288,-1.0,-0.1999999999999318,4.0
289,-1.0,-0.4000000000000341,2.8000000000000114
290,-1.0,-1.1999999999999886,1.400000000000034
291,-1.0,-1.2000000000000455,-0.20000000000004547
292,-2.0,-1.1999999999999318,-0.39999999999997726
293,-1.0,-0.6000000000000227,-1.1999999999999886
294,-1.0,0.39999999999997726,-1.1999999999999886
295,2.0,1.8000000000000114,-1.2000000000000455
296,4.0,2.8000000000000114,-0.5999999999999659
297,5.0,3.1999999999999886,0.39999999999997726
298,4.0,2.6000000000000227,1.8000000000000114
299,1.0,1.3999999999999773,2.8000000000000114
300,-1.0,0.19999999999998863,3.1999999999999886
301,-2.0,-0.19999999999998863,2.6000000000000227
302,-1.0,0.19999999999998863,1.3999999999999773
303,2.0,0.4000000000000341,0.19999999999998863
304,3.0,0.5999999999999659,-0.19999999999998863
305,0.0,1.0,0.19999999999998863
306,-1.0,2.0,0.4000000000000341
307,1.0,3.8000000000000114,0.5999999999999659
308,7.0,5.800000000000011,1.0
309,12.0,7.399999999999977,2.0
310,10.0,8.0,3.8000000000000114
311,7.0,9.799999999999955,5.800000000000011
312,4.0,8.400000000000034,7.399999999999977
313,16.0,6.2000000000000455,8.0
314,5.0,4.7999999999999545,9.800000000000011
315,-1.0,4.199999999999989,8.399999999999977
316,0.0,0.8000000000000682,6.2000000000000455
317,1.0,-0.8000000000000682,4.7999999999999545
318,-1.0,-1.6000000000000227,4.2000000000000455
319,-3.0,-3.3999999999999773,0.7999999999999545
320,-5.0,-5.399999999999977,-0.7999999999999545
321,-9.0,-5.199999999999989,-1.6000000000000227
322,-9.0,-5.199999999999989,-3.3999999999999773
323,0.0,-5.600000000000023,-5.400000000000034
324,-3.0,-5.0,-5.199999999999989
325,-7.0,-4.600000000000023,-5.199999999999989
326,-6.0,-5.7999999999999545,-5.600000000000023
327,-7.0,-5.400000000000034,-5.0
328,-6.0,-4.599999999999966,-4.599999999999966
329,-1.0,-4.600000000000023,-5.800000000000011
330,-3.0,-6.600000000000023,-5.400000000000034
331,-6.0,-6.7999999999999545,-4.599999999999966
332,-17.0,-7.800000000000011,-4.600000000000023
333,-7.0,-7.999999999999943,-6.599999999999966
334,-6.0,-7.800000000000068,-6.800000000000011
335,-4.0,-5.599999999999966,-7.800000000000011
336,-5.0,-3.8000000000000114,-8.0
337,-6.0,-2.5999999999999943,-7.800000000000011
338,2.0,-1.799999999999983,-5.599999999999966
339,0.0,-0.6000000000000227,-3.8000000000000114
340,0.0,0.19999999999998863,-2.6000000000000227
341,1.0,-0.39999999999997726,-1.799999999999983
342,-2.0,-0.8000000000000114,-0.5999999999999943
343,-1.0,-1.200000000000017,0.19999999999998863
344,-2.0,-1.1999999999999886,-0.4000000000000057
345,-2.0,-1.200000000000017,-0.799999999999983
346,1.0,-1.5999999999999943,-1.200000000000017
347,-2.0,-1.5999999999999943,-1.1999999999999886
348,-3.0,-2.0,-1.200000000000017
349,-2.0,-3.1999999999999886,-1.5999999999999943
350,-4.0,-3.0,-1.5999999999999943
351,-5.0,-2.5999999999999943,-2.0
352,-1.0,-2.4000000000000057,-3.1999999999999886
353,-1.0,-1.5999999999999943,-3.0
354,-1.0,-0.5999999999999943,-2.6000000000000227
355,0.0,-0.20000000000001705,-2.3999999999999773
356,0.0,0.799999999999983,-1.6000000000000227
357,1.0,2.400000000000034,-0.5999999999999943
358,4.0,4.199999999999989,-0.19999999999998863
359,7.0,6.199999999999989,0.799999999999983
360,9.0,7.400000000000006,2.4000000000000057
361,10.0,7.400000000000006,4.200000000000017
362,7.0,6.7999999999999545,6.199999999999989
363,4.0,5.400000000000034,7.400000000000006
364,4.0,3.400000000000034,7.400000000000006
365,2.0,2.599999999999966,6.800000000000011
366,0.0,2.1999999999999886,5.399999999999977
367,3.0,2.0,3.3999999999999773
368,2.0,2.0,2.6000000000000227
369,3.0,1.8000000000000114,2.1999999999999886
370,2.0,0.8000000000000114,2.0
371,-1.0,1.1999999999999886,2.0
372,-2.0,1.8000000000000114,1.8000000000000114
373,4.0,2.1999999999999886,0.8000000000000114
374,6.0,4.199999999999989,1.1999999999999886
375,4.0,5.0,1.8000000000000114
376,9.0,4.2000000000000455,2.1999999999999886
377,2.0,3.199999999999932,4.199999999999989
378,0.0,2.8000000000000114,5.0
379,1.0,1.8000000000000114,4.199999999999989
380,2.0,1.8000000000000114,3.2000000000000455
381,4.0,1.599999999999966,2.7999999999999545
382,2.0,1.0,1.8000000000000114
383,-1.0,5.684341886080802e-14,1.8000000000000114
384,-2.0,-1.6000000000000227,1.6000000000000227
385,-3.0,-3.0,1.0
386,-4.0,-3.400000000000034,0.0
387,-5.0,-4.199999999999932,-1.6000000000000227
388,-3.0,-5.400000000000034,-3.0
389,-6.0,-5.399999999999977,-3.3999999999999773
390,-9.0,-5.2000000000000455,-4.2000000000000455
391,-4.0,-5.399999999999977,-5.399999999999977
392,-4.0,-4.600000000000023,-5.399999999999977
393,-4.0,-1.8000000000000114,-5.2000000000000455
394,-2.0,-0.9999999999999432,-5.399999999999977
395,5.0,-0.8000000000000114,-4.600000000000023
396,0.0,0.5999999999999659,-1.7999999999999545
397,-3.0,1.400000000000034,-1.0
398,3.0,1.3999999999999773,-0.8000000000000114
399,2.0,2.1999999999999886,0.5999999999999659
400,5.0,3.0,1.400000000000034
401,4.0,2.1999999999999886,1.3999999999999773
402,1.0,1.0000000000000568,2.1999999999999886
403,-1.0,-0.6000000000000227,3.0
404,-4.0,-1.8000000000000114,2.2000000000000455
405,-3.0,-2.0,1.0
406,-2.0,-1.3999999999999773,-0.6000000000000227
407,0.0,-0.39999999999997726,-1.8000000000000114
408,2.0,0.39999999999997726,-2.0
409,1.0,0.8000000000000114,-1.3999999999999773
410,1.0,0.5999999999999659,-0.4000000000000341
411,0.0,-0.19999999999998863,0.4000000000000341
412,-1.0,-1.0,0.8000000000000114
413,-2.0,-1.3999999999999773,0.5999999999999659
414,-3.0,-1.2000000000000455,-0.19999999999998863
415,-1.0,-1.1999999999999886,-1.0
416,1.0,-1.1999999999999318,-1.3999999999999773
417,-1.0,-0.6000000000000227,-1.2000000000000455
418,-2.0,-0.8000000000000682,-1.1999999999999886
419,0.0,-1.9999999999999432,-1.1999999999999886
420,-2.0,-2.400000000000034,-0.6000000000000227
421,-5.0,-2.599999999999966,-0.7999999999999545
422,-3.0,-2.6000000000000227,-2.0
423,-3.0,-2.1999999999999886,-2.400000000000034
424,0.0,-0.7999999999999545,-2.599999999999966
425,0.0,0.1999999999999318,-2.6000000000000227
426,2.0,0.8000000000000114,-2.1999999999999886
427,2.0,0.5999999999999659,-0.8000000000000114
428,0.0,0.20000000000004547,0.19999999999998863
429,-1.0,-0.6000000000000227,0.8000000000000114
430,-2.0,-1.1999999999999886,0.6000000000000227
431,-2.0,-1.0,0.19999999999998863
432,-1.0,-0.5999999999999659,-0.6000000000000227
433,1.0,-0.20000000000004547,-1.1999999999999886
434,1.0,0.0,-1.0
435,0.0,0.20000000000004547,-0.6000000000000227
436,-1.0,0.0,-0.19999999999998863
437,0.0,0.0,0.0
438,0.0,0.39999999999997726,0.19999999999998863
439,1.0,0.7999999999999545,0.0
440,2.0,0.6000000000000227,0.0
441,1.0,0.4000000000000341,0.4000000000000341
442,-1.0,0.0,0.8000000000000114
443,-1.0,-1.0,0.5999999999999659
444,-1.0,-1.8000000000000114,0.4000000000000341
445,-3.0,-2.1999999999999886,0.0
446,-3.0,-2.4000000000000057,-1.0
447,-3.0,-2.0000000000000284,-1.8000000000000114
448,-2.0,-1.5999999999999943,-2.200000000000017
449,1.0,-0.9999999999999716,-2.4000000000000057
450,-1.0,-0.4000000000000341,-2.0
451,0.0,2.842170943040401e-14,-1.5999999999999943
452,0.0,0.19999999999998863,-1.0
453,0.0,0.5999999999999943,-0.4000000000000057
454,2.0,-0.20000000000001705,0.0
455,1.0,-0.4000000000000057,0.20000000000001705
456,-4.0,-0.9999999999999432,0.5999999999999943
457,-1.0,-3.2000000000000455,-0.19999999999998863
458,-3.0,-4.0,-0.4000000000000057
459,-9.0,-3.1999999999999886,-1.0
460,-3.0,-3.1999999999999886,-3.200000000000017
461,0.0,-2.5999999999999943,-4.0
462,-1.0,-0.8000000000000114,-3.1999999999999886
463,0.0,-0.4000000000000057,-3.1999999999999886
464,0.0,-0.5999999999999659,-2.6000000000000227
465,-1.0,-1.200000000000017,-0.799999999999983
466,-1.0,-3.4000000000000057,-0.4000000000000057
467,-4.0,-6.400000000000006,-0.5999999999999943
468,-11.0,-9.200000000000017,-1.200000000000017
469,-15.0,-13.199999999999989,-3.3999999999999773
470,-15.0,-15.799999999999983,-6.400000000000006
471,-21.0,-16.799999999999983,-9.200000000000017
472,-17.0,-15.200000000000017,-13.199999999999989
473,-16.0,-13.799999999999983,-15.800000000000011
474,-7.0,-10.0,-16.799999999999983
475,-8.0,-5.799999999999983,-15.200000000000017
476,-2.0,-1.0000000000000142,-13.799999999999983
477,4.0,1.4000000000000057,-10.0
478,8.0,3.799999999999997,-5.800000000000011
479,5.0,4.400000000000006,-1.0
480,4.0,3.0,1.4000000000000057
481,1.0,1.0,3.799999999999997
482,-3.0,0.19999999999998863,4.400000000000006
483,-2.0,0.0,2.999999999999986
484,1.0,1.1999999999999886,1.0
485,3.0,3.200000000000017,0.20000000000001705
486,7.0,4.400000000000006,0.0
487,7.0,4.399999999999977,1.1999999999999886
488,4.0,3.8000000000000114,3.200000000000017
489,1.0,2.0,4.399999999999977
490,0.0,-0.20000000000001705,4.400000000000006
491,-2.0,-1.9999999999999716,3.8000000000000114
492,-4.0,-3.6000000000000227,2.0
493,-5.0,-5.0,-0.20000000000001705
494,-7.0,-6.0,-2.0
495,-7.0,-5.799999999999997,-3.5999999999999943
496,-7.0,-5.3999999999999915,-5.0
497,-3.0,-4.599999999999994,-6.0
498,-3.0,-3.8000000000000114,-5.799999999999997
499,-3.0,-3.1999999999999886,-5.3999999999999915
500,-3.0,-3.4000000000000057,-4.6000000000000085
501,-4.0,-3.5999999999999943,-3.799999999999997
502,-4.0,-3.8000000000000114,-3.200000000000003
503,-4.0,-3.3999999999999915,-3.3999999999999915
504,-4.0,-2.799999999999997,-3.6000000000000085
505,-1.0,-2.0,-3.799999999999997
506,-1.0,-1.2000000000000028,-3.4000000000000057
507,0.0,-0.6000000000000085,-2.799999999999997
508,0.0,-0.799999999999983,-2.0
509,-1.0,-0.8000000000000114,-1.2000000000000028
510,-2.0,-1.1999999999999886,-0.5999999999999943
511,-1.0,-1.200000000000017,-0.7999999999999972
512,-2.0,-0.5999999999999943,-0.7999999999999972
513,0.0,0.0,-1.2000000000000028
514,2.0,0.20000000000000284,-1.2000000000000028
515,1.0,1.2000000000000028,-0.5999999999999943
516,0.0,2.0,0.0
517,3.0,3.0,0.19999999999998863
518,4.0,4.599999999999994,1.2000000000000028
519,7.0,6.800000000000011,2.0
520,9.0,8.199999999999989,3.0
521,11.0,9.799999999999997,4.6000000000000085
522,10.0,11.000000000000014,6.799999999999997
523,12.0,11.799999999999983,8.200000000000003
524,13.0,12.0,9.799999999999997
525,13.0,12.599999999999994,10.999999999999986
526,12.0,13.0,11.800000000000011
527,13.0,13.0,12.0
528,14.0,12.400000000000006,12.599999999999994
529,13.0,11.599999999999994,13.0
530,10.0,10.0,13.0
531,8.0,7.0,12.400000000000006
532,5.0,2.599999999999966,11.599999999999994
533,-1.0,-0.799999999999983,10.0
534,-9.0,-2.799999999999983,7.0
535,-7.0,-4.400000000000034,2.5999999999999943
536,-2.0,-5.399999999999977,-0.799999999999983
537,-3.0,-4.800000000000011,-2.8000000000000114
538,-6.0,-5.0,-4.400000000000006
539,-6.0,-6.199999999999989,-5.399999999999977
540,-8.0,-7.199999999999989,-4.800000000000011
541,-8.0,-7.800000000000011,-5.0
542,-8.0,-8.0,-6.199999999999989
543,-9.0,-7.800000000000011,-7.200000000000017
544,-7.0,-7.399999999999977,-7.799999999999983
545,-7.0,-6.600000000000023,-8.0
546,-6.0,-4.599999999999966,-7.800000000000011
547,-4.0,-3.0000000000000284,-7.400000000000006
548,1.0,-1.3999999999999773,-6.599999999999994
549,1.0,0.20000000000001705,-4.599999999999994
550,1.0,1.1999999999999886,-3.0
551,2.0,1.3999999999999773,-1.4000000000000057
552,1.0,1.400000000000034,0.19999999999998863
553,2.0,0.9999999999999716,1.200000000000017
554,1.0,-0.19999999999998863,1.4000000000000057
555,-1.0,-2.200000000000017,1.3999999999999773
556,-4.0,-5.199999999999989,1.0
557,-9.0,-7.199999999999989,-0.19999999999998863
558,-13.0,-8.0,-2.1999999999999886
559,-9.0,-7.799999999999997,-5.200000000000017
560,-5.0,-5.400000000000006,-7.199999999999989
561,-3.0,-1.9999999999999858,-8.0
562,3.0,0.5999999999999943,-7.800000000000011
563,4.0,2.5999999999999943,-5.3999999999999915
564,4.0,3.999999999999986,-2.0
565,5.0,4.40000000000002,0.5999999999999943
566,4.0,4.199999999999989,2.6000000000000085
567,5.0,3.799999999999983,4.0
568,3.0,3.0,4.400000000000006
569,2.0,2.6000000000000227,4.199999999999989
570,1.0,1.8000000000000114,3.8000000000000114
571,2.0,1.3999999999999773,3.0
572,1.0,1.4000000000000057,2.5999999999999943
573,1.0,1.4000000000000057,1.799999999999983
574,2.0,1.1999999999999886,1.4000000000000057
575,1.0,1.5999999999999943,1.4000000000000057
576,1.0,1.8000000000000114,1.4000000000000057
577,3.0,2.4000000000000057,1.1999999999999886
578,2.0,3.3999999999999773,1.5999999999999943
579,5.0,4.200000000000017,1.8000000000000114
580,6.0,3.8000000000000114,2.4000000000000057
581,5.0,2.9999999999999716,3.4000000000000057
582,1.0,1.4000000000000057,4.199999999999989
583,-2.0,-0.4000000000000057,3.8000000000000114
584,-3.0,-1.3999999999999773,3.0
585,-3.0,-1.6000000000000227,1.3999999999999773
586,0.0,-1.3999999999999773,-0.39999999999997726
587,0.0,-0.8000000000000114,-1.4000000000000057
588,-1.0,0.19999999999998863,-1.5999999999999943
589,0.0,2.0,-1.4000000000000057
590,2.0,4.0,-0.8000000000000114
591,9.0,5.800000000000011,0.20000000000001705
592,10.0,7.199999999999989,2.0
593,8.0,8.800000000000011,4.0
594,7.0,11.0,5.799999999999983
595,10.0,10.399999999999977,7.200000000000017
596,20.0,11.0,8.799999999999983
597,7.0,10.400000000000034,11.0
598,11.0,7.599999999999966,10.400000000000006
599,4.0,1.8000000000000114,11.0
600,-4.0,-1.799999999999983,10.400000000000006
601,-9.0,-6.800000000000011,7.599999999999994
602,-11.0,-9.599999999999994,1.8000000000000114
603,-14.0,-10.800000000000011,-1.8000000000000114
604,-10.0,-11.599999999999994,-6.800000000000011
605,-10.0,-12.400000000000006,-9.599999999999994
606,-13.0,-13.0,-10.799999999999983
607,-15.0,-13.599999999999994,-11.600000000000023
608,-17.0,-14.400000000000006,-12.399999999999977
609,-13.0,-14.399999999999977,-13.0
610,-14.0,-14.0,-13.600000000000023
611,-13.0,-12.799999999999997,-14.399999999999977
612,-13.0,-12.0,-14.400000000000006
613,-11.0,-10.799999999999997,-14.0
614,-9.0,-9.199999999999989,-12.800000000000011
615,-8.0,-6.400000000000006,-12.0
616,-5.0,-3.5999999999999943,-10.799999999999997
617,1.0,-1.0,-9.200000000000003
618,3.0,1.5999999999999943,-6.3999999999999915
619,4.0,4.199999999999989,-3.6000000000000085
620,5.0,6.800000000000011,-1.0
621,8.0,7.999999999999986,1.6000000000000085
622,14.0,8.200000000000003,4.200000000000003
623,9.0,8.199999999999989,6.799999999999997
624,5.0,7.800000000000011,8.0
625,5.0,6.0,8.200000000000003
626,6.0,5.599999999999994,8.199999999999989
627,5.0,6.200000000000017,7.800000000000011
628,7.0,6.599999999999994,6.0
629,8.0,7.0,5.599999999999994
630,7.0,7.599999999999994,6.199999999999989
631,8.0,7.399999999999977,6.600000000000023
632,8.0,6.800000000000011,7.0
633,6.0,6.0,7.599999999999994
634,5.0,4.399999999999977,7.400000000000006
635,3.0,3.200000000000017,6.799999999999983
636,0.0,3.200000000000017,6.0
637,2.0,4.0,4.400000000000006
638,6.0,4.599999999999994,3.1999999999999886
639,9.0,6.0,3.200000000000017
640,6.0,6.799999999999983,4.0
641,7.0,7.0,4.599999999999994
642,6.0,6.399999999999977,6.0
643,7.0,6.0,6.800000000000011
644,6.0,5.200000000000017,7.0
645,4.0,5.200000000000017,6.399999999999977
646,3.0,4.599999999999966,6.0
647,6.0,4.200000000000017,5.200000000000017
648,4.0,4.0,5.199999999999989
649,4.0,4.200000000000017,4.599999999999994
650,3.0,4.199999999999989,4.200000000000017
651,4.0,4.800000000000011,4.0
652,6.0,8.399999999999977,4.199999999999989
653,7.0,9.800000000000011,4.200000000000017
654,22.0,10.799999999999955,4.800000000000011
655,10.0,11.000000000000057,8.399999999999977
656,9.0,10.399999999999977,9.800000000000011
657,7.0,4.199999999999989,10.800000000000011
658,4.0,0.0,11.0
659,-9.0,-7.199999999999989,10.399999999999977
660,-11.0,-12.399999999999977,4.199999999999989
661,-27.0,-17.19999999999999,0.0
662,-19.0,-19.200000000000045,-7.199999999999989
663,-20.0,-20.399999999999977,-12.399999999999977
664,-19.0,-18.19999999999999,-17.200000000000045
665,-17.0,-17.19999999999999,-19.19999999999999
666,-16.0,-15.600000000000023,-20.399999999999977
667,-14.0,-14.599999999999994,-18.200000000000017
668,-12.0,-13.599999999999994,-17.19999999999999
669,-14.0,-12.400000000000006,-15.599999999999994
670,-12.0,-11.399999999999977,-14.600000000000023
671,-10.0,-10.800000000000011,-13.599999999999994
672,-9.0,-8.800000000000011,-12.400000000000006
673,-9.0,-7.199999999999989,-11.399999999999977
674,-4.0,-5.799999999999983,-10.800000000000011
675,-4.0,-5.0,-8.799999999999997
676,-3.0,-4.400000000000006,-7.200000000000003
677,-5.0,-4.799999999999997,-5.799999999999997
678,-6.0,-5.0,-5.0
679,-6.0,-4.799999999999997,-4.400000000000006
680,-5.0,-4.0,-4.799999999999997
681,-2.0,-3.200000000000003,-5.0
682,-1.0,-2.3999999999999915,-4.799999999999997
683,-2.0,-2.0,-4.0
684,-2.0,-1.8000000000000114,-3.200000000000003
685,-3.0,-1.3999999999999915,-2.4000000000000057
686,-1.0,-0.7999999999999972,-2.0
687,1.0,-0.6000000000000085,-1.7999999999999972
688,1.0,-0.20000000000000284,-1.3999999999999915
689,-1.0,0.0,-0.8000000000000114
690,-1.0,0.20000000000000284,-0.5999999999999943
691,0.0,0.7999999999999972,-0.20000000000000284
692,2.0,2.0,0.0
693,4.0,3.4000000000000057,0.20000000000000284
694,5.0,4.199999999999989,0.7999999999999972
695,6.0,4.800000000000011,2.0
696,4.0,4.799999999999997,3.4000000000000057
697,5.0,4.3999999999999915,4.200000000000003
698,4.0,3.4000000000000057,4.799999999999997
699,3.0,3.1999999999999886,4.799999999999997
700,1.0,3.000000000000014,4.400000000000006
701,3.0,3.200000000000003,3.3999999999999915
702,4.0,3.5999999999999943,3.200000000000003
703,5.0,4.0,3.0
704,5.0,4.199999999999989,3.200000000000003
705,3.0,4.400000000000006,3.5999999999999943
706,4.0,3.799999999999997,4.0
707,5.0,3.6000000000000085,4.200000000000003
708,2.0,3.9999999999999716,4.400000000000006
709,4.0,3.6000000000000227,3.799999999999997
710,5.0,3.0,3.5999999999999943
711,2.0,2.8000000000000114,4.000000000000014
712,2.0,2.0,3.5999999999999943
713,1.0,1.599999999999966,3.0
714,0.0,2.0000000000000284,2.799999999999983
715,3.0,2.3999999999999773,2.0
716,4.0,2.8000000000000114,1.6000000000000227
717,4.0,3.1999999999999886,2.0
718,3.0,3.200000000000017,2.3999999999999773
719,2.0,2.5999999999999943,2.8000000000000114
720,3.0,2.0000000000000284,3.1999999999999886
721,1.0,1.7999999999999545,3.200000000000017
722,1.0,2.200000000000017,2.5999999999999943
723,2.0,2.4000000000000057,2.0
724,4.0,1.8000000000000114,1.8000000000000114
725,4.0,1.0,2.1999999999999886
726,-2.0,0.39999999999997726,2.4000000000000057
727,-3.0,-0.19999999999998863,1.799999999999983
728,-1.0,-0.4000000000000341,1.0
729,1.0,1.2000000000000455,0.4000000000000057
730,3.0,2.8000000000000114,-0.19999999999998863
731,6.0,4.19999999999996,-0.4000000000000057
732,5.0,5.599999999999994,1.1999999999999886
733,6.0,6.800000000000011,2.8000000000000114
734,8.0,5.199999999999989,4.199999999999989
735,9.0,3.8000000000000114,5.600000000000023
736,-2.0,2.8000000000000114,6.799999999999983
737,-2.0,1.5999999999999943,5.200000000000017
738,1.0,0.5999999999999943,3.799999999999983
739,2.0,1.8000000000000114,2.8000000000000114
740,4.0,3.3999999999999773,1.5999999999999943
741,4.0,4.399999999999977,0.5999999999999943
742,6.0,4.800000000000011,1.8000000000000114
743,6.0,4.800000000000011,3.4000000000000057
744,4.0,4.199999999999989,4.399999999999977
745,4.0,3.3999999999999773,4.800000000000011
746,1.0,2.80000000000004,4.800000000000011
747,2.0,2.4000000000000057,4.199999999999989
748,3.0,1.799999999999983,3.4000000000000057
749,2.0,1.5999999999999943,2.799999999999983
750,1.0,0.8000000000000114,2.4000000000000057
751,0.0,0.0,1.8000000000000114
752,-2.0,-1.0,1.5999999999999943
753,-1.0,-1.1999999999999886,0.8000000000000114
754,-3.0,-1.1999999999999886,0.0
755,0.0,-1.0000000000000284,-1.0
756,0.0,-1.200000000000017,-1.200000000000017
757,-1.0,-0.9999999999999716,-1.1999999999999886
758,-2.0,-1.4000000000000057,-1.0
759,-2.0,-2.0,-1.200000000000017
760,-2.0,-1.8000000000000114,-1.0
761,-3.0,-1.599999999999966,-1.3999999999999773
762,0.0,-0.8000000000000114,-2.0
763,-1.0,-0.19999999999998863,-1.8000000000000114
764,2.0,0.5999999999999659,-1.5999999999999943
765,1.0,1.1999999999999886,-0.8000000000000114
766,1.0,2.400000000000034,-0.19999999999998863
767,3.0,2.8000000000000114,0.5999999999999943
768,5.0,3.1999999999999886,1.1999999999999886
769,4.0,3.3999999999999773,2.4000000000000057
770,3.0,3.0,2.8000000000000114
771,2.0,1.6000000000000227,3.1999999999999886
772,1.0,0.5999999999999659,3.4000000000000057
773,-2.0,0.4000000000000341,3.0
774,-1.0,0.39999999999997726,1.5999999999999943
775,2.0,0.20000000000001705,0.5999999999999943
776,2.0,0.39999999999997726,0.4000000000000057
777,0.0,0.19999999999998863,0.4000000000000057
778,-1.0,2.842170943040401e-14,0.19999999999998863
779,-2.0,0.0,0.4000000000000057
780,1.0,0.0,0.20000000000001705
781,2.0,0.4000000000000057,0.0
782,0.0,0.19999999999998863,0.0
783,1.0,-0.19999999999998863,0.0
784,-3.0,-0.5999999999999943,0.39999999999997726
785,-1.0,0.0,0.20000000000001705
786,0.0,-1.0,-0.20000000000001705
787,3.0,-0.8000000000000114,-0.5999999999999943
788,-4.0,0.19999999999998863,0.0
789,-2.0,1.0,-1.0
790,4.0,0.5999999999999943,-0.799999999999983
791,4.0,2.200000000000017,0.19999999999998863
792,1.0,3.5999999999999943,1.0
793,4.0,2.799999999999983,0.5999999999999943
794,5.0,2.3999999999999773,2.200000000000017
795,0.0,2.6000000000000227,3.5999999999999943
796,2.0,2.400000000000034,2.799999999999983
797,2.0,1.400000000000034,2.400000000000034
798,3.0,1.3999999999999773,2.599999999999966
799,0.0,1.1999999999999886,2.400000000000034
800,0.0,0.8000000000000114,1.3999999999999773
801,1.0,-0.20000000000004547,1.3999999999999773
802,0.0,-0.7999999999999545,1.2000000000000455
803,-2.0,-0.6000000000000227,0.7999999999999545
804,-3.0,-1.2000000000000455,-0.19999999999998863
805,1.0,-1.3999999999999773,-0.8000000000000114
806,-2.0,-2.0,-0.5999999999999659
807,-1.0,-3.7999999999999545,-1.1999999999999886
808,-5.0,-6.000000000000028,-1.400000000000034
809,-12.0,-7.0,-2.0
810,-10.0,-7.599999999999994,-3.8000000000000114
811,-7.0,-6.599999999999994,-5.999999999999972
812,-4.0,-3.5999999999999943,-7.0
813,0.0,-1.0000000000000284,-7.599999999999994
814,3.0,0.8000000000000114,-6.600000000000023
815,3.0,1.8000000000000114,-3.5999999999999943
816,2.0,1.9999999999999716,-1.0
817,1.0,1.200000000000017,0.8000000000000114
818,1.0,0.19999999999998863,1.799999999999983
819,-1.0,-0.799999999999983,2.0
820,-2.0,-1.5999999999999943,1.200000000000017
821,-3.0,-3.1999999999999886,0.19999999999998863
822,-3.0,-5.200000000000017,-0.799999999999983
823,-7.0,-6.800000000000011,-1.6000000000000227
824,-11.0,-7.599999999999966,-3.1999999999999886
825,-10.0,-8.800000000000011,-5.199999999999989
826,-7.0,-9.0,-6.800000000000011
827,-9.0,-8.199999999999989,-7.599999999999994
828,-8.0,-7.600000000000023,-8.800000000000011
829,-7.0,-7.599999999999966,-9.0
830,-7.0,-6.800000000000011,-8.199999999999989
831,-7.0,-6.0,-7.599999999999994
832,-5.0,-5.400000000000006,-7.600000000000023
833,-4.0,-5.199999999999989,-6.799999999999983
834,-4.0,-5.0,-6.0
835,-6.0,-3.8000000000000114,-5.400000000000006
836,-6.0,-3.0,-5.199999999999989
837,1.0,-2.5999999999999943,-5.0
838,0.0,-0.3999999999999915,-3.8000000000000114
839,-2.0,2.59999999999998,-3.0
840,5.0,6.800000000000011,-2.5999999999999943
841,9.0,9.800000000000011,-0.4000000000000057
842,22.0,13.199999999999989,2.5999999999999943
843,15.0,14.999999999999972,6.800000000000011
844,15.0,15.000000000000028,9.799999999999983
845,14.0,11.599999999999994,13.200000000000017
846,9.0,8.599999999999994,15.0
847,5.0,4.399999999999977,15.0
848,0.0,-0.39999999999997726,11.599999999999994
849,-6.0,-5.200000000000017,8.599999999999994
850,-10.0,-8.199999999999989,4.400000000000006
851,-15.0,-9.199999999999989,-0.4000000000000057
852,-10.0,-8.800000000000011,-5.199999999999989
853,-5.0,-7.400000000000006,-8.200000000000017
854,-4.0,-5.799999999999983,-9.199999999999989
855,-3.0,-5.799999999999983,-8.800000000000011
856,-7.0,-6.800000000000011,-7.399999999999977
857,-10.0,-7.599999999999994,-5.800000000000011
858,-10.0,-8.000000000000028,-5.800000000000011
859,-8.0,-7.399999999999977,-6.799999999999983
860,-5.0,-5.800000000000011,-7.599999999999994
861,-4.0,-3.3999999999999915,-8.0
862,-2.0,-1.9999999999999858,-7.400000000000006
863,2.0,-1.6000000000000227,-5.800000000000011
864,-1.0,-1.9999999999999858,-3.3999999999999915
865,-3.0,-2.3999999999999915,-2.0
866,-6.0,-2.6000000000000085,-1.6000000000000085
867,-4.0,-2.0,-2.0
868,1.0,-1.40000000000002,-2.3999999999999915
869,2.0,2.842170943040401e-14,-2.6000000000000085
870,0.0,1.0,-2.0
871,1.0,1.3999999999999773,-1.3999999999999915
872,1.0,2.0,0.0
873,3.0,3.4000000000000057,1.0
874,5.0,4.400000000000006,1.3999999999999915
875,7.0,5.3999999999999915,2.0
876,6.0,5.799999999999997,3.4000000000000057
877,6.0,5.400000000000006,4.400000000000006
878,5.0,4.199999999999989,5.3999999999999915
879,3.0,3.4000000000000057,5.799999999999997
880,1.0,3.0,5.400000000000006
881,2.0,2.1999999999999886,4.199999999999989
882,4.0,1.6000000000000227,3.4000000000000057
883,1.0,1.0,3.0
884,0.0,0.0,2.200000000000017
885,-2.0,-1.200000000000017,1.5999999999999943
886,-3.0,-1.799999999999983,1.0
887,-2.0,-2.4000000000000057,0.0
888,-2.0,-2.5999999999999943,-1.200000000000017
889,-3.0,-2.5999999999999943,-1.799999999999983
890,-3.0,-3.0,-2.4000000000000057
891,-3.0,-3.200000000000017,-2.5999999999999943
892,-4.0,-3.0,-2.5999999999999943
893,-3.0,-2.5999999999999943,-3.0
894,-2.0,-2.4000000000000057,-3.200000000000017
895,-1.0,-1.7999999999999972,-3.0
896,-2.0,-0.7999999999999972,-2.5999999999999943
897,-1.0,0.0,-2.4000000000000057
898,2.0,0.4000000000000057,-1.7999999999999972
899,2.0,0.8000000000000114,-0.7999999999999972
900,1.0,1.1999999999999886,0.0
901,0.0,1.3999999999999773,0.4000000000000057
902,1.0,1.6000000000000227,0.799999999999983
903,3.0,3.0,1.200000000000017
904,3.0,5.599999999999994,1.4000000000000057
905,8.0,8.0,1.5999999999999943
906,13.0,8.799999999999983,3.0
907,13.0,9.400000000000006,5.599999999999994
908,7.0,8.400000000000006,8.0
909,6.0,5.0,8.800000000000011
910,3.0,1.1999999999999886,9.399999999999977
911,-4.0,-0.8000000000000114,8.400000000000006
912,-6.0,-2.3999999999999773,5.0
913,-3.0,-2.8000000000000114,1.200000000000017
914,-2.0,-2.0,-0.8000000000000114
915,1.0,-0.799999999999983,-2.4000000000000057
916,0.0,0.0,-2.799999999999983
917,0.0,0.5999999999999943,-2.0
918,1.0,0.19999999999998863,-0.8000000000000114
919,1.0,0.20000000000001705,0.0
920,-1.0,0.0,0.5999999999999943
921,0.0,0.0,0.20000000000001705
922,-1.0,0.19999999999998863,0.19999999999998863
923,1.0,1.200000000000017,0.0
924,2.0,2.3999999999999773,0.0
925,4.0,3.8000000000000114,0.19999999999998863
926,6.0,4.599999999999994,1.200000000000017
927,6.0,5.200000000000017,2.4000000000000057
928,5.0,4.399999999999977,3.799999999999983
929,5.0,2.8000000000000114,4.599999999999994
930,0.0,0.5999999999999943,5.200000000000017
931,-2.0,-1.4000000000000057,4.400000000000006
932,-5.0,-4.0,2.799999999999983
933,-5.0,-6.0,0.5999999999999943
934,-8.0,-6.599999999999994,-1.3999999999999773
935,-10.0,-6.400000000000006,-4.0
936,-5.0,-5.399999999999977,-6.0
937,-4.0,-4.0,-6.600000000000023
938,0.0,-2.8000000000000114,-6.399999999999977
939,-1.0,-2.799999999999983,-5.400000000000006
940,-4.0,-2.4000000000000057,-4.0
941,-5.0,-2.4000000000000057,-2.8000000000000114
942,-2.0,-2.4000000000000057,-2.799999999999983
943,0.0,-1.5999999999999943,-2.4000000000000057
944,-1.0,0.4000000000000057,-2.4000000000000057
945,0.0,3.1999999999999886,-2.4000000000000057
946,5.0,7.599999999999994,-1.5999999999999943
947,12.0,10.200000000000017,0.4000000000000057
948,22.0,11.399999999999977,3.1999999999999886
949,12.0,11.400000000000006,7.599999999999994
950,6.0,8.400000000000006,10.200000000000017
951,5.0,2.0,11.400000000000006
952,-3.0,-3.1999999999999886,11.399999999999977
953,-10.0,-10.200000000000017,8.400000000000006
954,-14.0,-15.400000000000006,2.0
955,-29.0,-17.19999999999999,-3.1999999999999886
956,-21.0,-17.0,-10.200000000000017
957,-12.0,-15.399999999999977,-15.399999999999977
958,-9.0,-10.600000000000023,-17.200000000000017
959,-6.0,-7.199999999999989,-17.0
960,-5.0,-5.599999999999994,-15.399999999999991
961,-4.0,-4.799999999999997,-10.600000000000009
962,-4.0,-4.6000000000000085,-7.199999999999989
963,-5.0,-3.5999999999999943,-5.6000000000000085
964,-5.0,-2.4000000000000057,-4.799999999999997
965,0.0,-1.1999999999999886,-4.599999999999994
966,2.0,0.0,-3.6000000000000085
967,2.0,1.0,-2.3999999999999915
968,1.0,0.3999999999999915,-1.2000000000000028
969,0.0,-0.5999999999999943,0.0
970,-3.0,-1.4000000000000057,1.0
971,-3.0,-2.0,0.3999999999999915
972,-2.0,-2.799999999999997,-0.5999999999999943
973,-2.0,-3.4000000000000057,-1.4000000000000057
974,-4.0,-3.5999999999999943,-2.0
975,-6.0,-3.3999999999999915,-2.799999999999997
976,-4.0,-3.4000000000000057,-3.3999999999999915
977,-1.0,-2.5999999999999943,-3.6000000000000085
978,-2.0,-1.6000000000000014,-3.3999999999999915
979,0.0,-1.0,-3.4000000000000057
980,-1.0,-1.000000000000007,-2.5999999999999943
981,-1.0,-0.7999999999999972,-1.6000000000000085
982,-1.0,-1.2000000000000028,-1.0
983,-1.0,-1.0,-1.0
984,-2.0,-0.5999999999999943,-0.7999999999999972
985,0.0,0.20000000000000284,-1.2000000000000028
986,1.0,1.0,-1.0
987,3.0,1.7999999999999972,-0.5999999999999943
988,3.0,2.0,0.19999999999999574
989,2.0,2.0,1.0
990,1.0,1.5999999999999943,1.8000000000000043
991,1.0,1.200000000000017,2.0
992,1.0,1.3999999999999773,2.0
993,1.0,1.8000000000000114,1.5999999999999943
994,3.0,2.200000000000003,1.2000000000000028
995,3.0,2.799999999999997,1.4000000000000057
996,3.0,3.200000000000003,1.7999999999999972
997,4.0,2.999999999999986,2.200000000000003
998,3.0,2.6000000000000227,2.799999999999997
999,2.0,1.799999999999983,3.200000000000003
1000,1.0,0.5999999999999943,3.0
1001,-1.0,-0.19999999999998863,2.5999999999999943
1002,-2.0,-1.0,1.7999999999999972
1003,-1.0,-1.4000000000000057,0.6000000000000085
1004,-2.0,-1.5999999999999943,-0.20000000000000284
1005,-1.0,-1.4000000000000057,-1.0
1006,-2.0,-1.3999999999999915,-1.4000000000000057
1007,-1.0,-1.0000000000000142,-1.5999999999999943
1008,-1.0,-0.5999999999999943,-1.4000000000000057
1009,0.0,-0.4000000000000057,-1.3999999999999915
1010,1.0,-0.5999999999999943,-1.0
1011,-1.0,-1.0,-0.6000000000000085
1012,-2.0,-1.5999999999999943,-0.3999999999999915
1013,-3.0,-2.0,-0.6000000000000085
1014,-3.0,-2.0,-1.0
1015,-1.0,-1.5999999999999943,-1.5999999999999943
1016,-1.0,-0.6000000000000085,-2.0
1017,0.0,0.3999999999999915,-2.0
1018,2.0,0.8000000000000114,-1.6000000000000085
1019,2.0,0.7999999999999972,-0.5999999999999943
1020,1.0,0.5999999999999943,0.4000000000000057
1021,-1.0,1.4210854715202004e-14,0.7999999999999972
1022,-1.0,-0.4000000000000057,0.7999999999999972
1023,-1.0,-0.6000000000000085,0.5999999999999943
1024,0.0,-0.20000000000000284,0.0
1025,0.0,0.20000000000000284,-0.3999999999999915
1026,1.0,0.8000000000000114,-0.6000000000000085
1027,1.0,1.2000000000000028,-0.19999999999998863
1028,2.0,1.3999999999999915,0.19999999999998863
1029,2.0,1.2000000000000028,0.8000000000000114
1030,1.0,1.1999999999999886,1.1999999999999886
1031,0.0,0.8000000000000114,1.4000000000000057
1032,1.0,0.5999999999999943,1.2000000000000028
1033,0.0,0.4000000000000057,1.2000000000000028
1034,1.0,0.5999999999999943,0.7999999999999972
1035,0.0,0.6000000000000085,0.5999999999999943
1036,1.0,0.5999999999999943,0.4000000000000057
1037,1.0,0.3999999999999915,0.5999999999999943
1038,0.0,0.8000000000000114,0.6000000000000085
1039,0.0,0.799999999999983,0.5999999999999943
1040,2.0,0.8000000000000114,0.4000000000000057
1041,1.0,1.2000000000000028,0.7999999999999972
1042,1.0,1.4000000000000057,0.7999999999999972
1043,2.0,1.3999999999999915,0.7999999999999972
1044,1.0,2.0,1.2000000000000028
1045,2.0,3.4000000000000057,1.4000000000000057
1046,4.0,3.0,1.3999999999999915
1047,8.0,2.5999999999999943,2.0
1048,0.0,4.200000000000003,3.4000000000000057
1049,-1.0,5.999999999999986,3.0
1050,10.0,8.0,2.5999999999999943
1051,13.0,11.800000000000011,4.200000000000003
1052,18.0,15.400000000000006,6.0
1053,19.0,17.399999999999977,8.0
1054,17.0,17.0,11.799999999999997
1055,20.0,17.0,15.399999999999991
1056,11.0,15.599999999999994,17.400000000000006
1057,18.0,13.799999999999983,17.0
1058,12.0,10.400000000000006,17.0
1059,8.0,9.600000000000023,15.599999999999994
1060,3.0,8.799999999999983,13.800000000000011
1061,7.0,9.600000000000023,10.400000000000006
1062,14.0,10.0,9.599999999999994
1063,16.0,12.0,8.800000000000011
1064,10.0,12.799999999999955,9.599999999999966
1065,13.0,11.0,10.0
1066,11.0,8.400000000000034,12.0
1067,5.0,6.999999999999943,12.800000000000011
1068,3.0,6.2000000000000455,11.0
1069,3.0,5.0,8.400000000000034
1070,9.0,2.7999999999999545,7.0
1071,5.0,1.3999999999999773,6.199999999999989
1072,-6.0,5.684341886080802e-14,5.0
1073,-4.0,-2.1999999999999886,2.8000000000000114
1074,-4.0,-3.6000000000000227,1.3999999999999773
1075,-2.0,-2.6000000000000227,0.0
1076,-2.0,-3.0,-2.1999999999999886
1077,-1.0,-4.0,-3.6000000000000227
1078,-6.0,-4.800000000000011,-2.599999999999966
1079,-9.0,-6.199999999999989,-3.0
1080,-6.0,-6.0,-4.0
1081,-9.0,-3.199999999999932,-4.800000000000011
1082,0.0,-1.6000000000000227,-6.199999999999989
1083,8.0,-2.6000000000000227,-6.0
1084,-1.0,-1.599999999999966,-3.2000000000000455
1085,-11.0,-2.6000000000000227,-1.599999999999966
1086,-4.0,-6.399999999999977,-2.6000000000000227
1087,-5.0,-8.199999999999989,-1.599999999999966
1088,-11.0,-8.400000000000034,-2.6000000000000227
1089,-10.0,-9.999999999999943,-6.399999999999977
1090,-12.0,-8.600000000000051,-8.200000000000045
1091,-12.0,-6.799999999999983,-8.399999999999977
1092,2.0,-6.199999999999989,-10.0
1093,-2.0,-7.600000000000023,-8.599999999999994
1094,-7.0,-8.0,-6.800000000000011
1095,-19.0,-11.600000000000023,-6.199999999999989
1096,-14.0,-13.599999999999966,-7.599999999999994
1097,-16.0,-13.199999999999989,-8.0
1098,-12.0,-11.200000000000017,-11.600000000000023
1099,-5.0,-10.599999999999994,-13.599999999999994
1100,-9.0,-9.400000000000006,-13.199999999999989
1101,-11.0,-9.799999999999983,-11.200000000000017
1102,-10.0,-12.0,-10.599999999999994
1103,-14.0,-11.600000000000009,-9.400000000000006
1104,-16.0,-11.999999999999986,-9.799999999999983
1105,-7.0,-11.599999999999994,-12.0
1106,-13.0,-10.200000000000003,-11.600000000000009
1107,-8.0,-7.6000000000000085,-12.0
1108,-7.0,-4.799999999999997,-11.599999999999994
1109,-3.0,-0.19999999999998863,-10.200000000000003
1110,7.0,6.599999999999994,-7.599999999999994
1111,10.0,10.999999999999986,-4.800000000000011
1112,26.0,14.400000000000006,-0.19999999999998863
1113,15.0,16.0,6.599999999999994
1114,14.0,15.399999999999977,11.0
1115,15.0,11.0,14.400000000000006
1116,7.0,8.400000000000034,16.0
1117,4.0,5.599999999999966,15.400000000000006
1118,2.0,3.1999999999999886,11.0
1119,0.0,1.200000000000017,8.399999999999977
1120,3.0,0.20000000000001705,5.600000000000023
1121,-3.0,0.799999999999983,3.1999999999999886
1122,-1.0,1.4000000000000057,1.1999999999999886
1123,5.0,1.8000000000000114,0.20000000000001705
1124,3.0,3.599999999999966,0.799999999999983
1125,5.0,3.8000000000000114,1.4000000000000057
1126,6.0,3.8000000000000114,1.8000000000000114
1127,0.0,5.199999999999989,3.5999999999999943
1128,5.0,5.800000000000011,3.8000000000000114
1129,10.0,4.600000000000023,3.799999999999983
1130,8.0,5.199999999999989,5.200000000000017
1131,0.0,5.199999999999989,5.799999999999983
1132,3.0,2.1999999999999886,4.599999999999994
1133,5.0,0.4000000000000057,5.200000000000017
1134,-5.0,0.20000000000001705,5.199999999999989
1135,-1.0,0.799999999999983,2.200000000000017
1136,-1.0,3.0,0.39999999999997726
1137,6.0,6.599999999999994,0.20000000000001705
1138,16.0,9.399999999999977,0.799999999999983
1139,13.0,12.600000000000023,3.0
1140,13.0,13.800000000000011,6.600000000000023
1141,15.0,10.799999999999955,9.399999999999977
1142,12.0,7.0,12.600000000000023
1143,1.0,1.6000000000000227,13.800000000000011
1144,-6.0,-3.400000000000034,10.799999999999955
1145,-14.0,-8.599999999999966,7.0
1146,-10.0,-8.199999999999989,1.6000000000000227
1147,-14.0,-8.199999999999989,-3.3999999999999773
1148,3.0,-7.0,-8.600000000000023
1149,-6.0,-2.400000000000034,-8.199999999999989
1150,-8.0,1.6000000000000227,-8.200000000000017
1151,13.0,2.8000000000000114,-7.0
1152,6.0,5.399999999999977,-2.4000000000000057
1153,9.0,6.199999999999989,1.6000000000000227
1154,7.0,3.6000000000000227,2.799999999999983
1155,-4.0,4.199999999999989,5.400000000000006
1156,0.0,4.199999999999989,6.199999999999989
1157,9.0,5.399999999999977,3.6000000000000227
1158,9.0,9.0,4.199999999999989
1159,13.0,9.200000000000045,4.199999999999989
1160,14.0,9.399999999999977,5.400000000000034
1161,1.0,8.0,9.0
1162,10.0,4.600000000000023,9.199999999999989
1163,2.0,1.3999999999999773,9.399999999999977
1164,-4.0,0.6000000000000227,8.0
1165,-2.0,-3.1999999999999886,4.600000000000023
1166,-3.0,-7.0,1.3999999999999773
1167,-9.0,-8.200000000000045,0.6000000000000227
1168,-17.0,-8.999999999999943,-3.1999999999999886
1169,-10.0,-10.400000000000034,-7.0
1170,-6.0,-8.400000000000034,-8.200000000000045
1171,-10.0,-4.399999999999977,-9.0
1172,1.0,-4.7999999999999545,-10.399999999999977
1173,3.0,-6.400000000000034,-8.399999999999977
1174,-12.0,-7.599999999999994,-4.400000000000034
1175,-14.0,-11.0,-4.800000000000011
1176,-16.0,-14.799999999999983,-6.399999999999977
1177,-16.0,-16.0,-7.599999999999994
1178,-16.0,-16.599999999999994,-11.0
1179,-18.0,-17.599999999999994,-14.800000000000011
1180,-17.0,-18.200000000000017,-16.0
1181,-21.0,-18.599999999999994,-16.599999999999994
1182,-19.0,-16.799999999999983,-17.599999999999994
1183,-18.0,-15.200000000000003,-18.200000000000017
1184,-9.0,-11.799999999999997,-18.599999999999994
1185,-9.0,-7.400000000000006,-16.799999999999997
1186,-4.0,-3.0,-15.200000000000003
1187,3.0,-0.3999999999999915,-11.799999999999997
1188,4.0,1.3999999999999915,-7.3999999999999915
1189,4.0,1.8000000000000114,-3.0
1190,0.0,1.1999999999999886,-0.4000000000000057
1191,-2.0,0.8000000000000114,1.4000000000000057
1192,0.0,1.3999999999999915,1.7999999999999972
1193,2.0,4.000000000000014,1.2000000000000028
1194,7.0,7.3999999999999915,0.7999999999999972
1195,13.0,7.799999999999997,1.3999999999999915
1196,15.0,8.399999999999991,4.0
1197,2.0,7.400000000000006,7.400000000000006
1198,5.0,5.799999999999997,7.799999999999997
1199,2.0,5.400000000000006,8.400000000000006
1200,5.0,7.0,7.3999999999999915
1201,13.0,6.799999999999983,5.800000000000011
1202,10.0,7.200000000000017,5.400000000000006
1203,4.0,6.400000000000006,7.0
1204,4.0,3.3999999999999773,6.799999999999983
1205,1.0,2.0,7.200000000000017
1206,-2.0,2.1999999999999886,6.399999999999977
1207,3.0,3.4000000000000057,3.4000000000000057
1208,5.0,4.800000000000011,2.0
1209,10.0,6.599999999999994,2.200000000000017
1210,8.0,7.599999999999994,3.3999999999999773
1211,7.0,8.400000000000006,4.800000000000011
1212,8.0,7.800000000000011,6.599999999999994
1213,9.0,7.7999999999999545,7.599999999999994
1214,7.0,8.400000000000034,8.400000000000006
1215,8.0,9.600000000000023,7.800000000000011
1216,10.0,9.399999999999977,7.799999999999983
1217,14.0,9.799999999999983,8.400000000000006
1218,8.0,9.599999999999994,9.599999999999994
1219,9.0,9.400000000000034,9.400000000000006
1220,7.0,7.599999999999966,9.800000000000011
1221,9.0,5.800000000000011,9.599999999999994
1222,5.0,3.599999999999966,9.399999999999977
1223,-1.0,1.6000000000000227,7.600000000000023
1224,-2.0,-1.400000000000034,5.800000000000011
1225,-3.0,-3.3999999999999773,3.599999999999966
1226,-6.0,-4.399999999999977,1.6000000000000227
1227,-5.0,-5.600000000000023,-1.3999999999999773
1228,-6.0,-6.199999999999932,-3.400000000000034
1229,-8.0,-6.2000000000000455,-4.399999999999977
1230,-6.0,-6.800000000000011,-5.600000000000023
1231,-6.0,-6.799999999999983,-6.199999999999989
1232,-8.0,-10.0,-6.199999999999989
1233,-6.0,-10.799999999999983,-6.800000000000011
1234,-24.0,-9.000000000000028,-6.800000000000011
1235,-10.0,-6.999999999999972,-10.0
1236,3.0,-6.0,-10.799999999999983
1237,2.0,-1.0,-9.0
1238,-1.0,0.799999999999983,-7.0
1239,1.0,1.200000000000017,-6.0
1240,-1.0,4.199999999999989,-1.0
1241,5.0,8.199999999999989,0.799999999999983
1242,17.0,9.400000000000006,1.200000000000017
1243,19.0,8.999999999999972,4.199999999999989
1244,7.0,7.000000000000028,8.200000000000017
1245,-3.0,1.200000000000017,9.399999999999977
1246,-5.0,-8.0,9.0
1247,-12.0,-14.000000000000028,7.0
1248,-27.0,-16.99999999999997,1.200000000000017
1249,-23.0,-19.80000000000001,-8.0
1250,-18.0,-20.599999999999994,-14.0
1251,-19.0,-17.19999999999999,-17.0
1252,-16.0,-14.600000000000023,-19.80000000000001
1253,-10.0,-12.399999999999977,-20.599999999999994
1254,-10.0,-10.0,-17.19999999999999
1255,-7.0,-8.800000000000011,-14.600000000000023
1256,-7.0,-7.799999999999983,-12.399999999999991
1257,-10.0,-6.800000000000011,-10.0
1258,-5.0,-6.0,-8.799999999999997
1259,-5.0,-4.199999999999989,-7.799999999999997
1260,-3.0,-2.200000000000003,-6.799999999999997
1261,2.0,-1.4000000000000057,-6.0
1262,0.0,-0.7999999999999972,-4.200000000000003
1263,-1.0,-0.4000000000000057,-2.200000000000003
1264,-2.0,-1.3999999999999915,-1.4000000000000057
1265,-1.0,-2.0,-0.7999999999999972
1266,-3.0,-2.0,-0.3999999999999915
1267,-3.0,-1.6000000000000085,-1.4000000000000057
1268,-1.0,-1.3999999999999915,-2.0
1269,0.0,-0.5999999999999943,-2.0
1270,0.0,-0.20000000000000284,-1.5999999999999943
1271,1.0,0.0,-1.4000000000000057
1272,-1.0,0.0,-0.6000000000000014
1273,0.0,0.20000000000000284,-0.19999999999999574
1274,0.0,0.0,0.0
1275,1.0,0.20000000000000284,0.0
1276,0.0,0.19999999999999574,0.19999999999999574
1277,0.0,0.5999999999999872,0.0
1278,0.0,0.6000000000000085,0.20000000000000284
1279,2.0,0.3999999999999915,0.19999999999999574
1280,1.0,1.4210854715202004e-14,0.6000000000000085
1281,-1.0,-0.20000000000000284,0.5999999999999943
1282,-2.0,-0.6000000000000085,0.4000000000000057
1283,-1.0,-0.9999999999999858,0.0
1284,0.0,-0.8000000000000043,-0.20000000000000284
1285,-1.0,0.0,-0.6000000000000085
1286,0.0,0.7999999999999972,-0.9999999999999929
1287,2.0,1.3999999999999986,-0.8000000000000043
1288,3.0,1.7999999999999972,0.0
1289,3.0,2.200000000000003,0.8000000000000043
1290,1.0,2.200000000000003,1.3999999999999986
1291,2.0,2.200000000000003,1.7999999999999972
1292,2.0,2.1999999999999886,2.200000000000003
1293,3.0,2.5999999999999943,2.200000000000003
1294,3.0,2.6000000000000085,2.200000000000003
1295,3.0,2.799999999999997,2.1999999999999886
1296,2.0,2.8000000000000114,2.6000000000000085
1297,3.0,2.999999999999986,2.5999999999999943
1298,3.0,3.200000000000003,2.799999999999997
1299,4.0,3.6000000000000085,2.8000000000000114
1300,4.0,3.799999999999997,3.0
1301,4.0,3.799999999999997,3.1999999999999886
1302,4.0,3.1999999999999886,3.6000000000000085
1303,3.0,2.4000000000000057,3.799999999999997
1304,1.0,1.4000000000000057,3.799999999999997
1305,0.0,0.19999999999998863,3.200000000000003
1306,-1.0,-0.3999999999999915,2.4000000000000057
1307,-2.0,-0.6000000000000085,1.3999999999999915
1308,0.0,-0.4000000000000057,0.20000000000000284
1309,0.0,-0.19999999999998863,-0.4000000000000057
1310,1.0,0.19999999999998863,-0.5999999999999943
1311,0.0,0.20000000000001705,-0.4000000000000057
1312,0.0,0.4000000000000057,-0.19999999999998863
1313,0.0,0.3999999999999915,0.19999999999998863
1314,1.0,0.5999999999999943,0.20000000000000284
1315,1.0,0.6000000000000085,0.4000000000000057
1316,1.0,0.5999999999999943,0.3999999999999915
1317,0.0,0.4000000000000057,0.6000000000000085
1318,0.0,0.19999999999998863,0.5999999999999943
1319,0.0,0.0,0.6000000000000085
1320,0.0,-0.19999999999998863,0.3999999999999915
1321,0.0,-0.19999999999998863,0.20000000000000284
1322,-1.0,-0.4000000000000057,0.0
1323,0.0,-0.4000000000000057,-0.20000000000000284
1324,-1.0,-0.5999999999999943,-0.20000000000000284
1325,0.0,-0.4000000000000057,-0.3999999999999915
1326,-1.0,-0.6000000000000085,-0.4000000000000057
1327,0.0,-0.20000000000000284,-0.5999999999999943
1328,-1.0,0.20000000000001705,-0.4000000000000057
1329,1.0,0.9999999999999858,-0.5999999999999943
1330,2.0,1.2000000000000028,-0.20000000000000284
1331,3.0,1.5999999999999943,0.20000000000000284
1332,1.0,1.4000000000000057,1.0
1333,1.0,1.5999999999999943,1.2000000000000028
1334,0.0,1.6000000000000085,1.5999999999999943
1335,3.0,2.799999999999997,1.4000000000000057
1336,3.0,5.0,1.5999999999999943
1337,7.0,9.0,1.5999999999999943
1338,12.0,13.0,2.8000000000000114
1339,20.0,16.600000000000023,5.0
1340,23.0,18.19999999999996,9.0
1341,21.0,19.80000000000001,13.0
1342,15.0,20.19999999999999,16.599999999999994
1343,20.0,15.599999999999994,18.19999999999999
1344,22.0,11.400000000000006,19.80000000000001
1345,0.0,9.799999999999983,20.19999999999999
1346,0.0,7.600000000000023,15.600000000000023
1347,7.0,4.800000000000011,11.399999999999977
1348,9.0,4.599999999999966,9.800000000000011
1349,8.0,5.199999999999989,7.600000000000023
1350,-1.0,4.600000000000023,4.7999999999999545
1351,3.0,2.0,4.600000000000023
1352,4.0,0.19999999999998863,5.199999999999989
1353,-4.0,0.0,4.600000000000023
1354,-1.0,-1.1999999999999886,2.0
1355,-2.0,-1.8000000000000114,0.19999999999998863
1356,-3.0,-0.4000000000000341,0.0
1357,1.0,0.6000000000000227,-1.1999999999999886
1358,3.0,1.0,-1.8000000000000114
1359,4.0,1.0,-0.39999999999997726
1360,0.0,-0.39999999999997726,0.5999999999999659
1361,-3.0,-2.0,1.0
1362,-6.0,-5.0,1.0
1363,-5.0,-6.600000000000023,-0.39999999999997726
1364,-11.0,-9.199999999999989,-2.0
1365,-8.0,-9.0,-5.0
1366,-16.0,-7.199999999999989,-6.600000000000023
1367,-5.0,-4.199999999999989,-9.199999999999989
1368,4.0,-2.200000000000017,-9.0
1369,4.0,1.0000000000000284,-7.199999999999989
1370,2.0,1.799999999999983,-4.200000000000017
1371,0.0,1.5999999999999943,-2.1999999999999886
1372,-1.0,2.8000000000000114,1.0
1373,3.0,4.399999999999977,1.799999999999983
1374,10.0,4.0,1.6000000000000227
1375,10.0,4.0,2.799999999999983
1376,-2.0,1.599999999999966,4.400000000000006
1377,-1.0,-5.199999999999932,4.0
1378,-9.0,-9.200000000000017,4.0
1379,-24.0,-9.200000000000017,1.6000000000000227
1380,-10.0,-8.799999999999983,-5.2000000000000455
1381,-2.0,-7.400000000000006,-9.199999999999989
1382,1.0,-5.0,-9.199999999999989
1383,-2.0,-2.6000000000000227,-8.800000000000011
1384,-12.0,-3.1999999999999886,-7.399999999999977
1385,2.0,-6.199999999999989,-5.0
1386,-5.0,-8.599999999999966,-2.6000000000000227
1387,-14.0,-8.80000000000004,-3.1999999999999886
1388,-14.0,-9.400000000000006,-6.199999999999989
1389,-13.0,-7.599999999999966,-8.600000000000023
1390,-1.0,-4.600000000000023,-8.799999999999983
1391,4.0,-2.1999999999999886,-9.400000000000006
1392,1.0,-0.4000000000000057,-7.599999999999994
1393,-2.0,-0.5999999999999943,-4.599999999999994
1394,-4.0,-1.5999999999999943,-2.200000000000017
1395,-2.0,-2.200000000000017,-0.4000000000000057
1396,-1.0,-1.1999999999999886,-0.5999999999999943
1397,-2.0,0.8000000000000114,-1.5999999999999943
1398,3.0,1.3999999999999773,-2.1999999999999886
1399,6.0,0.6000000000000227,-1.200000000000017
1400,1.0,-2.6000000000000227,0.8000000000000114
1401,-5.0,-6.199999999999989,1.4000000000000057
1402,-18.0,-9.199999999999989,0.5999999999999943
1403,-15.0,-10.200000000000017,-2.5999999999999943
1404,-9.0,-10.199999999999989,-6.200000000000017
1405,-4.0,-6.3999999999999915,-9.199999999999989
1406,-5.0,-2.3999999999999915,-10.200000000000017
1407,1.0,0.39999999999997726,-10.199999999999989
1408,5.0,1.8000000000000114,-6.400000000000006
1409,5.0,3.3999999999999915,-2.3999999999999915
1410,3.0,3.4000000000000057,0.3999999999999915
1411,3.0,2.3999999999999915,1.8000000000000114
1412,1.0,1.0000000000000142,3.3999999999999915
1413,0.0,-1.4210854715202004e-14,3.4000000000000057
1414,-2.0,-1.1999999999999886,2.3999999999999915
1415,-2.0,-2.1999999999999886,1.0
1416,-3.0,-2.8000000000000114,0.0
1417,-4.0,-2.799999999999997,-1.1999999999999886
1418,-3.0,-2.4000000000000057,-2.200000000000003
1419,-2.0,-2.799999999999997,-2.799999999999997
1420,0.0,-2.799999999999997,-2.8000000000000114
1421,-5.0,-2.5999999999999943,-2.3999999999999915
1422,-4.0,-2.4000000000000057,-2.799999999999997
1423,-2.0,-2.200000000000003,-2.8000000000000114
1424,-1.0,-1.1999999999999886,-2.5999999999999943
1425,1.0,-0.20000000000000284,-2.4000000000000057
1426,0.0,0.20000000000000284,-2.1999999999999886
1427,1.0,0.799999999999983,-1.2000000000000028
1428,0.0,1.4000000000000057,-0.20000000000000284
1429,2.0,1.8000000000000114,0.20000000000000284
1430,4.0,2.799999999999983,0.7999999999999972
1431,2.0,3.6000000000000085,1.4000000000000057
1432,6.0,4.200000000000003,1.7999999999999972
1433,4.0,4.599999999999994,2.799999999999997
1434,5.0,5.0,3.5999999999999943
1435,6.0,3.3999999999999773,4.200000000000003
1436,4.0,2.0000000000000284,4.6000000000000085
1437,-2.0,0.5999999999999943,5.0
1438,-3.0,-1.1999999999999886,3.4000000000000057
1439,-2.0,-2.1999999999999886,2.0
1440,-3.0,-1.400000000000034,0.5999999999999943
1441,-1.0,0.20000000000001705,-1.200000000000017
1442,2.0,2.4000000000000057,-2.1999999999999886
1443,5.0,4.799999999999983,-1.4000000000000057
1444,9.0,6.199999999999989,0.20000000000000284
1445,9.0,6.800000000000011,2.3999999999999915
1446,6.0,6.599999999999994,4.800000000000011
1447,5.0,5.599999999999994,6.199999999999989
1448,4.0,4.200000000000017,6.800000000000011
1449,4.0,3.3999999999999773,6.599999999999994
1450,2.0,2.2000000000000455,5.599999999999994
1451,2.0,1.3999999999999773,4.200000000000017
1452,-1.0,0.5999999999999659,3.4000000000000057
1453,0.0,-0.39999999999997726,2.1999999999999886
1454,0.0,-1.5999999999999943,1.4000000000000057
1455,-3.0,-1.5999999999999943,0.5999999999999943
1456,-4.0,-1.4000000000000057,-0.4000000000000057
1457,-1.0,-1.0,-1.5999999999999943
1458,1.0,0.0,-1.5999999999999943
1459,2.0,1.5999999999999943,-1.4000000000000057
1460,2.0,3.0,-1.0
1461,4.0,4.199999999999989,0.0
1462,6.0,5.0,1.5999999999999943
1463,7.0,5.200000000000017,3.0
1464,6.0,4.0,4.200000000000017
1465,3.0,2.200000000000017,5.0
1466,-2.0,0.19999999999998863,5.199999999999989
1467,-3.0,-1.4000000000000057,4.0
1468,-3.0,-2.4000000000000057,2.1999999999999886
1469,-2.0,-2.0,0.20000000000001705
1470,-2.0,-1.4000000000000057,-1.4000000000000057
1471,0.0,-0.799999999999983,-2.4000000000000057
1472,0.0,-0.6000000000000227,-2.0
1473,0.0,-0.5999999999999943,-1.4000000000000057
1474,-1.0,-0.9999999999999716,-0.799999999999983
1475,-2.0,-1.400000000000034,-0.5999999999999943
1476,-2.0,-1.3999999999999773,-0.6000000000000227
1477,-2.0,-0.8000000000000114,-1.0
1478,0.0,0.799999999999983,-1.3999999999999773
1479,2.0,3.8000000000000114,-1.4000000000000057
1480,6.0,6.400000000000006,-0.8000000000000114
1481,13.0,7.199999999999989,0.8000000000000114
1482,11.0,8.0,3.799999999999983
1483,4.0,6.0,6.400000000000006
1484,6.0,3.8000000000000114,7.200000000000017
1485,-4.0,1.4000000000000057,8.0
1486,2.0,2.0,6.0
1487,-1.0,5.599999999999994,3.799999999999983
1488,7.0,7.0,1.4000000000000057
1489,24.0,8.599999999999966,2.0
1490,3.0,9.400000000000006,5.599999999999994
1491,10.0,7.200000000000017,7.0
1492,3.0,1.8000000000000114,8.599999999999994
1493,-4.0,1.1999999999999886,9.400000000000006
1494,-3.0,1.3999999999999773,7.200000000000017
1495,0.0,1.0,1.8000000000000114
1496,11.0,2.8000000000000114,1.1999999999999886
1497,1.0,6.600000000000023,1.3999999999999773
1498,5.0,6.399999999999977,1.0
1499,16.0,4.599999999999966,2.8000000000000114
1500,-1.0,3.6000000000000227,6.600000000000023
1501,2.0,1.8000000000000114,6.399999999999977
1502,-4.0,-1.400000000000034,4.600000000000023
1503,-4.0,-1.1999999999999886,3.599999999999966
1504,0.0,-1.9999999999999432,1.8000000000000114
1505,0.0,-2.2000000000000455,-1.3999999999999773
1506,-2.0,-2.7999999999999545,-1.2000000000000455
1507,-5.0,-1.0,-2.0
1508,-7.0,0.39999999999997726,-2.1999999999999886
1509,9.0,1.7999999999999545,-2.8000000000000114
1510,7.0,4.400000000000034,-1.0
1511,5.0,7.399999999999977,0.4000000000000341
1512,8.0,7.600000000000023,1.8000000000000114
1513,8.0,7.800000000000011,4.399999999999977
1514,10.0,8.0,7.399999999999977
1515,8.0,5.399999999999977,7.600000000000023
1516,6.0,3.0,7.800000000000011
1517,-5.0,-0.6000000000000227,8.0
1518,-4.0,-5.399999999999977,5.399999999999977
1519,-8.0,-11.399999999999977,3.0
1520,-16.0,-12.600000000000023,-0.5999999999999659
1521,-24.0,-13.0,-5.400000000000034
1522,-11.0,-12.199999999999989,-11.399999999999977
1523,-6.0,-10.400000000000006,-12.600000000000023
1524,-4.0,-7.399999999999977,-13.0
1525,-7.0,-7.199999999999989,-12.199999999999989
1526,-9.0,-7.600000000000023,-10.400000000000006
1527,-10.0,-8.400000000000006,-7.400000000000006
1528,-8.0,-7.199999999999989,-7.199999999999989
1529,-8.0,-6.599999999999994,-7.599999999999994
1530,-1.0,-4.0,-8.400000000000006
1531,-6.0,-1.0,-7.199999999999989
1532,3.0,1.4000000000000057,-6.600000000000023
1533,7.0,2.799999999999983,-4.0
1534,4.0,3.8000000000000114,-1.0
1535,6.0,2.0000000000000284,1.4000000000000057
1536,-1.0,-3.0,2.8000000000000114
1537,-6.0,-5.400000000000034,3.799999999999983
1538,-18.0,-8.199999999999989,2.0
1539,-8.0,-9.400000000000006,-3.0
1540,-8.0,-9.400000000000006,-5.399999999999977
1541,-7.0,-7.0,-8.200000000000017
1542,-6.0,-6.399999999999977,-9.400000000000006
1543,-6.0,-5.600000000000023,-9.399999999999977
1544,-5.0,-5.399999999999977,-7.0
1545,-4.0,-5.800000000000011,-6.400000000000006
1546,-6.0,-6.0,-5.599999999999994
1547,-8.0,-6.199999999999989,-5.400000000000006
1548,-7.0,-6.0,-5.800000000000011
1549,-6.0,-4.800000000000011,-6.0
1550,-3.0,-2.3999999999999915,-6.199999999999989
1551,0.0,-0.3999999999999915,-6.0
1552,4.0,1.3999999999999915,-4.800000000000011
1553,3.0,2.6000000000000085,-2.3999999999999915
1554,3.0,2.5999999999999943,-0.4000000000000057
1555,3.0,1.4000000000000057,1.4000000000000057
1556,0.0,0.39999999999997726,2.6000000000000085
1557,-2.0,-0.4000000000000057,2.5999999999999943
1558,-2.0,-1.1999999999999886,1.4000000000000057
1559,-1.0,-1.5999999999999943,0.39999999999997726
1560,-1.0,-0.9999999999999716,-0.39999999999997726
1561,-2.0,0.19999999999998863,-1.200000000000017
1562,1.0,3.1999999999999886,-1.5999999999999943
1563,4.0,5.0,-1.0
1564,14.0,6.599999999999994,0.19999999999998863
1565,8.0,7.400000000000006,3.200000000000017
1566,6.0,7.0,5.0
1567,5.0,4.400000000000006,6.599999999999994
1568,2.0,3.19999999999996,7.400000000000006
1569,1.0,2.400000000000034,7.0
1570,2.0,1.5999999999999943,4.400000000000006
1571,2.0,2.200000000000017,3.1999999999999886
1572,1.0,3.599999999999966,2.4000000000000057
1573,5.0,3.4000000000000057,1.5999999999999943
1574,8.0,3.0000000000000284,2.1999999999999886
1575,1.0,3.0,3.6000000000000227
1576,0.0,1.7999999999999545,3.3999999999999773
1577,1.0,0.20000000000001705,3.0
1578,-1.0,0.20000000000001705,3.0
1579,0.0,0.5999999999999659,1.8000000000000114
1580,1.0,0.8000000000000114,0.19999999999998863
1581,2.0,1.8000000000000114,0.20000000000001705
1582,2.0,2.8000000000000114,0.5999999999999943
1583,4.0,3.7999999999999545,0.8000000000000114
1584,5.0,4.2000000000000455,1.799999999999983
1585,6.0,4.599999999999994,2.8000000000000114
1586,4.0,4.399999999999977,3.799999999999983
1587,4.0,4.0,4.200000000000017
1588,3.0,3.4000000000000057,4.599999999999994
1589,3.0,3.4000000000000057,4.400000000000006
1590,3.0,2.8000000000000114,4.0
1591,4.0,2.5999999999999943,3.4000000000000057
1592,1.0,3.0,3.3999999999999773
1593,2.0,1.3999999999999773,2.8000000000000114
1594,5.0,0.20000000000001705,2.5999999999999943
1595,-5.0,-0.4000000000000057,3.0
1596,-2.0,-0.39999999999997726,1.4000000000000057
1597,-2.0,-0.6000000000000227,0.19999999999998863
1598,2.0,1.1999999999999886,-0.39999999999997726
1599,4.0,2.1999999999999886,-0.4000000000000057
1600,4.0,2.8000000000000114,-0.5999999999999943
1601,3.0,3.1999999999999886,1.1999999999999886
1602,1.0,3.0,2.1999999999999886
1603,4.0,2.6000000000000227,2.8000000000000114
1604,3.0,2.1999999999999886,3.1999999999999886
1605,2.0,2.8000000000000114,3.0
1606,1.0,3.1999999999999886,2.6000000000000227
1607,4.0,3.400000000000034,2.1999999999999886
1608,6.0,2.599999999999966,2.8000000000000114
1609,4.0,1.400000000000034,3.1999999999999886
1610,-2.0,-5.684341886080802e-14,3.3999999999999773
1611,-5.0,-1.7999999999999545,2.6000000000000227
1612,-3.0,-2.8000000000000114,1.3999999999999773
1613,-3.0,-2.1999999999999886,0.0
1614,-1.0,-1.200000000000017,-1.7999999999999545
1615,1.0,-0.4000000000000057,-2.8000000000000114
1616,0.0,0.5999999999999943,-2.200000000000017
1617,1.0,0.8000000000000114,-1.1999999999999886
1618,2.0,0.20000000000001705,-0.4000000000000057
1619,0.0,-1.0,0.5999999999999943
1620,-2.0,-3.0,0.8000000000000114
1621,-6.0,-4.600000000000023,0.19999999999998863
1622,-9.0,-4.799999999999983,-1.0
1623,-6.0,-3.8000000000000114,-3.0
1624,-1.0,-1.5999999999999943,-4.599999999999994
1625,3.0,1.1999999999999886,-4.800000000000011
1626,5.0,2.6000000000000227,-3.799999999999983
1627,5.0,2.0,-1.5999999999999943
1628,1.0,1.1999999999999886,1.1999999999999886
1629,-4.0,-0.20000000000001705,2.5999999999999943
1630,-1.0,-2.3999999999999773,2.0
1631,-2.0,-3.0000000000000284,1.200000000000017
1632,-6.0,-2.7999999999999545,-0.20000000000001705
1633,-2.0,-3.8000000000000114,-2.4000000000000057
1634,-3.0,-3.8000000000000114,-3.0
1635,-6.0,-2.1999999999999886,-2.799999999999983
1636,-2.0,-2.0,-3.8000000000000114
1637,2.0,-1.200000000000017,-3.799999999999983
1638,-1.0,2.5999999999999943,-2.200000000000017
1639,1.0,6.200000000000017,-2.0
1640,13.0,6.200000000000017,-1.1999999999999886
1641,16.0,7.199999999999989,2.5999999999999943
1642,2.0,7.800000000000011,6.199999999999989
1643,4.0,5.19999999999996,6.200000000000017
1644,4.0,3.5999999999999943,7.199999999999989
1645,0.0,6.0,7.800000000000011
1646,8.0,4.800000000000011,5.199999999999989
1647,14.0,3.6000000000000227,3.5999999999999943
1648,-2.0,1.9999999999999432,6.0
1649,-2.0,-1.1999999999999318,4.800000000000011
1650,-8.0,-6.800000000000068,3.6000000000000227
1651,-8.0,-8.999999999999943,2.0
1652,-14.0,-11.400000000000034,-1.2000000000000455
1653,-13.0,-11.399999999999977,-6.7999999999999545
1654,-14.0,-11.600000000000023,-9.0
1655,-8.0,-10.199999999999989,-11.400000000000034
1656,-9.0,-8.599999999999966,-11.399999999999977
1657,-7.0,-5.200000000000017,-11.600000000000023
1658,-5.0,-2.8000000000000114,-10.199999999999989
1659,3.0,0.4000000000000057,-8.599999999999994
1660,4.0,2.0,-5.200000000000017
1661,7.0,2.4000000000000057,-2.799999999999983
1662,1.0,0.20000000000001705,0.4000000000000057
1663,-3.0,-2.8000000000000114,2.0
1664,-8.0,-6.0,2.3999999999999773
1665,-11.0,-6.800000000000011,0.20000000000001705
1666,-9.0,-6.800000000000011,-2.8000000000000114
1667,-3.0,-5.799999999999983,-6.0
1668,-3.0,-3.799999999999983,-6.799999999999983
1669,-3.0,-2.4000000000000057,-6.800000000000011
1670,-1.0,-2.4000000000000057,-5.800000000000011
1671,-2.0,-1.8000000000000114,-3.799999999999983
1672,-3.0,-2.1999999999999886,-2.4000000000000057
1673,0.0,-4.200000000000017,-2.4000000000000057
1674,-5.0,-5.799999999999983,-1.799999999999983
1675,-11.0,-6.399999999999977,-2.200000000000017
1676,-10.0,-7.200000000000017,-4.199999999999989
1677,-6.0,-7.0,-5.800000000000011
1678,-4.0,-5.0,-6.400000000000006
1679,-4.0,-3.3999999999999915,-7.199999999999989
1680,-1.0,-3.000000000000014,-7.0
1681,-2.0,-3.3999999999999773,-5.0
1682,-4.0,-4.200000000000017,-3.4000000000000057
1683,-6.0,-5.0,-3.0
1684,-8.0,-5.799999999999983,-3.3999999999999915
1685,-5.0,-6.0,-4.200000000000003
1686,-6.0,-5.400000000000006,-5.0
1687,-5.0,-4.400000000000006,-5.799999999999997
1688,-3.0,-4.599999999999994,-6.0
1689,-3.0,-4.200000000000003,-5.400000000000006
1690,-6.0,-3.799999999999997,-4.3999999999999915
1691,-4.0,-3.1999999999999886,-4.6000000000000085
1692,-3.0,-2.4000000000000057,-4.200000000000003
1693,0.0,-0.4000000000000057,-3.799999999999997
1694,1.0,1.4000000000000057,-3.200000000000003
1695,4.0,3.3999999999999915,-2.3999999999999915
1696,5.0,5.0,-0.4000000000000057
1697,7.0,5.6000000000000085,1.4000000000000057
1698,8.0,4.199999999999989,3.3999999999999915
1699,4.0,2.200000000000003,5.0
1700,-3.0,1.4210854715202004e-14,5.6000000000000085
1701,-5.0,-1.8000000000000114,4.200000000000003
1702,-4.0,-2.200000000000003,2.1999999999999886
1703,-1.0,-0.3999999999999915,0.0
1704,2.0,2.4000000000000057,-1.7999999999999972
1705,6.0,4.799999999999983,-2.200000000000003
1706,9.0,6.599999999999994,-0.3999999999999915
1707,8.0,7.400000000000006,2.3999999999999915
1708,8.0,6.799999999999997,4.800000000000011
1709,6.0,4.799999999999997,6.599999999999994
1710,3.0,2.4000000000000057,7.400000000000006
1711,-1.0,0.20000000000000284,6.799999999999997
1712,-4.0,-1.2000000000000028,4.799999999999997
1713,-3.0,-1.2000000000000028,2.4000000000000057
1714,-1.0,0.20000000000000284,0.19999999999998863
1715,3.0,3.3999999999999915,-1.1999999999999886
1716,6.0,6.800000000000011,-1.2000000000000028
1717,12.0,8.600000000000009,0.20000000000000284
1718,14.0,9.799999999999983,3.3999999999999915
1719,8.0,10.0,6.799999999999997
1720,9.0,8.799999999999983,8.599999999999994
1721,7.0,7.0,9.800000000000011
1722,6.0,6.600000000000023,10.0
1723,5.0,6.0,8.800000000000011
1724,6.0,6.0,7.0
1725,6.0,5.999999999999943,6.599999999999994
1726,7.0,6.0,6.0
